airline,fleet_size,n_models,diversity,modernity_index,new_gen_share,cluster
21 AIR,2,1.0,0.5,0.0,0.0,0
247 AVIATION,4,3.0,0.75,0.0,0.0,0
2EXCEL AVIATION,24,12.0,0.5,0.0,0.0,0
30 WEST JETS,1,1.0,1.0,0.0,0.0,0
4AIRWAYS,3,2.0,0.6666666666666666,0.0,0.0,0
748 AIR SERVICES,7,4.0,0.5714285714285714,0.0,0.0,0
7AIR CARGO,3,3.0,1.0,0.0,0.0,0
9 AIR,27,5.0,0.1851851851851851,0.014814815,0.1851851851851852,0
ABAKAN AIR,5,3.0,0.6,0.0,0.0,0
ABU DHABI AVIATION,14,7.0,0.5,0.0,0.0,0
ABX AIR,11,5.0,0.4545454545454545,0.0,0.0,0
ACASS IRELAND,2,2.0,1.0,0.0,0.0,0
ADVANCED AIR,23,13.0,0.5652173913043478,0.0,0.0,0
ADVANCED FLIGHT TRAINING,5,5.0,1.0,0.0,0.0,0
AEGEAN AIRLINES,68,4.0,0.0588235294117647,0.005882353,0.5294117647058824,1
AEGEAN EXECUTIVE,2,2.0,1.0,0.0,0.0,0
AER LINGUS,80,7.0,0.0875,0.005,0.225,0
AERCARIBE CARGO,4,3.0,0.75,0.0,0.0,0
AERO,12,6.0,0.5,0.0,0.0,0
AERO ASAHI,39,14.0,0.358974358974359,0.0,0.0,0
AERO CHARTER,13,10.0,0.7692307692307693,0.0,0.0,0
AERO CHARTER AND TRANSPORT,2,1.0,0.5,0.0,0.0,0
AERO CLUBE DE COIMBRA,1,1.0,1.0,0.0,0.0,0
AERO COATL MEXICANO,1,1.0,1.0,0.0,0.0,0
AERO DILI,2,2.0,1.0,0.0,0.0,0
AERO K,7,2.0,0.2857142857142857,0.0,0.0,0
AERO MONGOLIA,5,3.0,0.6,0.0,0.0,0
AERO NOMAD,2,1.0,0.5,0.0,0.0,0
AERO SOTRAVIA,5,4.0,0.8,0.0,0.0,0
AERO TAK,1,1.0,1.0,0.0,0.0,0
AERO WAYS,6,5.0,0.8333333333333334,0.0,0.0,0
AERO-BETA FLIGHT TRAINING,12,8.0,0.6666666666666666,0.0,0.0,0
AERO-DIENST,5,3.0,0.6,0.0,0.0,0
AERO-TECH SERVICES,4,4.0,1.0,0.0,0.0,0
AEROCLUB BARCELONA-SABADELL,14,10.0,0.7142857142857143,0.0,0.0,0
AERODYNAMICS ACADEMY,17,3.0,0.1764705882352941,0.0,0.0,0
AEROFLOT,169,10.0,0.059171597633136,0.004733728,0.0887573964497041,0
AEROGUARD FLIGHT TRAINING CENTER,113,5.0,0.0442477876106194,0.0,0.0,0
AEROITALIA,13,10.0,0.7692307692307693,0.0,0.0,0
AEROLINEAS ARGENTINAS,84,17.0,0.2023809523809523,0.004761905,0.1428571428571428,0
AEROLINEAS EJECUTIVAS,26,8.0,0.3076923076923077,0.0,0.0,0
AEROLINEAS SOSA,4,3.0,0.75,0.0,0.0,0
AEROLOGIC,14,4.0,0.2857142857142857,0.0,0.0,0
AEROMAS,2,2.0,1.0,0.0,0.0,0
AEROMEXICO,125,9.0,0.072,0.0128,0.728,1
AEROMEXICO CONNECT,36,2.0,0.0555555555555555,0.0,0.0,0
AERONAVES TSM,97,43.0,0.4432989690721649,0.0,0.0,0
AEROPAPA,1,1.0,1.0,0.0,0.0,0
AEROPARTNER,9,5.0,0.5555555555555556,0.0,0.0,0
AEROPYRENEES,13,10.0,0.7692307692307693,0.0,0.0,0
AEROREGIONAL,4,3.0,0.75,0.0,0.0,0
AEROSAFIN,3,3.0,1.0,0.0,0.0,0
AEROSERVICIOS DE LA COSTA,8,3.0,0.375,0.0,0.0,0
AEROSTAN,3,3.0,1.0,0.0,0.0,0
AEROSUCRE,7,7.0,1.0,0.0,0.0,0
AEROTEC,13,9.0,0.6923076923076923,0.0,0.0,0
AEROTOURS,3,3.0,1.0,0.0,0.0,0
AEROTRANSCARGO,3,2.0,0.6666666666666666,0.0,0.0,0
AEROTURPIAL,2,2.0,1.0,0.0,0.0,0
AEROVIAS DAP,11,6.0,0.5454545454545454,0.0,0.0,0
AEROVIS AIRLINES,1,1.0,1.0,0.0,0.0,0
AEROWAYS,11,7.0,0.6363636363636364,0.0,0.0,0
AEROWEST,13,5.0,0.3846153846153846,0.0,0.0,0
AERUS,7,1.0,0.1428571428571428,0.0,0.0,0
AFRICA AIRLINES,2,2.0,1.0,0.0,0.0,0
AFRICA CHARTER AIRLINE,6,5.0,0.8333333333333334,0.0,0.0,0
AFRICA WORLD AIRLINES,8,1.0,0.125,0.0,0.0,0
AFRICAN EXPRESS AIRWAYS,2,2.0,1.0,0.0,0.0,0
AFRIJET,5,2.0,0.4,0.0,0.0,0
AFRIQIYAH AIRWAYS,9,4.0,0.4444444444444444,0.0,0.0,0
AIMS COMMUNITY COLLEGE AVIATION,18,3.0,0.1666666666666666,0.0,0.0,0
AIR 1ST AVIATION,2,2.0,1.0,0.0,0.0,0
AIR ADELPHI,5,1.0,0.2,0.0,0.0,0
AIR ALBANIA,1,1.0,1.0,0.0,0.0,0
AIR ALGERIE,56,8.0,0.1428571428571428,0.0,0.0,0
AIR ALLIANCE,8,7.0,0.875,0.0,0.0,0
AIR ALSIE,4,3.0,0.75,0.0,0.0,0
AIR ANTILLES,5,3.0,0.6,0.0,0.0,0
AIR ARABIA,77,4.0,0.0519480519480519,0.0,0.0779220779220779,0
AIR ASTANA,34,6.0,0.1764705882352941,0.023529412,0.8235294117647058,1
AIR ASTRA,4,1.0,0.25,0.0,0.0,0
AIR ATLANTA ICELANDIC,1,1.0,1.0,0.0,0.0,0
AIR AUSTRAL,7,3.0,0.4285714285714285,0.142857143,0.5714285714285714,1
AIR BALTIC,50,1.0,0.02,0.012,1.0,1
AIR BOHEMIA,4,4.0,1.0,0.0,0.0,0
AIR BOREALIS,9,1.0,0.1111111111111111,0.0,0.0,0
AIR BOTSWANA,6,4.0,0.6666666666666666,0.0,0.0,0
AIR BURKINA,3,3.0,1.0,0.0,0.0,0
AIR BUSAN,21,4.0,0.1904761904761904,0.0,0.3809523809523809,1
AIR CA TE D'IVOIRE,12,0.0,0.0,0.0,0.0833333333333333,0
AIR CAIRO,37,4.0,0.1081081081081081,0.010810811,0.4864864864864865,1
AIR CALEDONIE,4,1.0,0.25,0.0,0.0,0
AIR CAMBODIA,6,4.0,0.6666666666666666,0.0,0.0,0
AIR CANADA,319,18.0,0.0564263322884012,0.005642633,0.3887147335423197,1
AIR CANADA ROUGE,37,4.0,0.1081081081081081,0.0,0.0,0
AIR CARAIBES,13,4.0,0.3076923076923077,0.061538462,0.5384615384615384,1
AIR CARE ALLIANCE,8,7.0,0.875,0.0,0.0,0
AIR CARGO CARRIERS,30,4.0,0.1333333333333333,0.0,0.0,0
AIR CENTRAL,15,10.0,0.6666666666666666,0.0,0.0,0
AIR CENTURY,7,3.0,0.4285714285714285,0.0,0.0,0
AIR CHANGAN,14,6.0,0.4285714285714285,0.0,0.0,0
AIR CHARTER SCOTLAND,10,7.0,0.7,0.0,0.0,0
AIR CHARTER SCOTLAND EUROPE,1,1.0,1.0,0.0,0.0,0
AIR CHARTERS EUROPE,4,3.0,0.75,0.0,0.0,0
AIR CHATHAMS,16,9.0,0.5625,0.0,0.0,0
AIR CHINA,507,25.0,0.04930966469428,0.005522682,0.3017751479289941,1
AIR CHINA CARGO,25,6.0,0.24,0.0,0.0,0
AIR CHINA INNER MONGOLIA,9,2.0,0.2222222222222222,0.0,0.0,0
AIR CLASS,4,4.0,1.0,0.0,0.0,0
AIR CORPORATE,14,11.0,0.7857142857142857,0.0,0.0,0
AIR CORSICA,13,3.0,0.2307692307692307,0.030769231,0.3076923076923077,1
AIR CREEBEC,21,4.0,0.1904761904761904,0.0,0.0,0
AIR DO,13,3.0,0.2307692307692307,0.0,0.0,0
AIR DOLOMITI,26,2.0,0.0769230769230769,0.0,0.0,0
AIR DREAM COLLEGE,10,4.0,0.4,0.0,0.0,0
AIR EAGLE,1,1.0,1.0,0.0,0.0,0
AIR EUROPA,58,10.0,0.1724137931034483,0.020689655,0.5517241379310345,1
AIR EXCEL,1,1.0,1.0,0.0,0.0,0
AIR FALCON,1,1.0,1.0,0.0,0.0,0
AIR FLAMENCO,13,9.0,0.6923076923076923,0.0,0.0,0
AIR FRANCE,279,17.0,0.060931899641577,0.005017921,0.3333333333333333,1
AIR GREENLAND,23,6.0,0.2608695652173913,0.0,0.0434782608695652,0
AIR GUILIN,9,4.0,0.4444444444444444,0.0,0.0,0
AIR HORIZONT,6,4.0,0.6666666666666666,0.0,0.0,0
AIR INCHEON,6,5.0,0.8333333333333334,0.0,0.0,0
AIR INDIA,191,12.0,0.06282722513089,0.008376963,0.7591623036649214,1
AIR INDIA EXPRESS,114,8.0,0.0701754385964912,0.007017544,0.5614035087719298,1
AIR INUIT,36,11.0,0.3055555555555556,0.0,0.0,0
AIR JAPAN,2,1.0,0.5,0.2,1.0,1
AIR KEY WEST,3,2.0,0.6666666666666666,0.0,0.0,0
AIR KIRIBATI,5,4.0,0.8,0.0,0.0,0
AIR KORYO,9,7.0,0.7777777777777778,0.0,0.0,0
AIR LIAISON,13,5.0,0.3846153846153846,0.0,0.0,0
AIR LIBYA,8,5.0,0.625,0.0,0.0,0
AIR LOYAUTE,5,2.0,0.4,0.0,0.0,0
AIR MACAU,22,4.0,0.1818181818181818,0.018181818,0.3636363636363636,1
AIR MANAS,1,1.0,1.0,0.6,1.0,1
AIR MAURITIUS,12,5.0,0.4166666666666667,0.033333333,0.5,1
AIR MEDITERRANEAN,2,1.0,0.5,0.0,0.0,0
AIR METHODS,23,10.0,0.4347826086956521,0.0,0.0,0
AIR MOANA,3,1.0,0.3333333333333333,0.0,0.0,0
AIR MONTENEGRO,3,2.0,0.6666666666666666,0.0,0.0,0
AIR MOUNTAIN,2,1.0,0.5,0.0,0.0,0
AIR NEW ZEALAND,113,8.0,0.0707964601769911,0.007079646,0.2920353982300885,1
AIR NIUGINI,29,10.0,0.3448275862068966,0.0,0.0,0
AIR NORTH,11,8.0,0.7272727272727273,0.0,0.0,0
AIR NUNAVUT,15,6.0,0.4,0.0,0.0,0
AIR OCEAN MAROC,6,5.0,0.8333333333333334,0.0,0.0,0
AIR PANAMA,5,2.0,0.4,0.0,0.0,0
AIR PEACE,22,15.0,0.6818181818181818,0.0,0.2272727272727273,0
AIR PREMIA,8,1.0,0.125,0.05,1.0,1
AIR RAROTONGA,6,4.0,0.6666666666666666,0.0,0.0,0
AIR SAFARIS,6,5.0,0.8333333333333334,0.0,0.0,0
AIR SAINT-PIERRE,1,1.0,1.0,0.0,0.0,0
AIR SAMARKAND,3,3.0,1.0,0.133333333,0.3333333333333333,1
AIR SENEGAL,9,5.0,0.5555555555555556,0.066666667,0.3333333333333333,1
AIR SEOUL,6,2.0,0.3333333333333333,0.0,0.0,0
AIR SEYCHELLES,7,2.0,0.2857142857142857,0.057142857,0.2857142857142857,1
AIR SPRAY,46,19.0,0.4130434782608695,0.0,0.0,0
AIR SUNSHINE,8,3.0,0.375,0.0,0.0,0
AIR TAHITI,12,2.0,0.1666666666666666,0.0,0.0,0
AIR TAHITI NUI,4,1.0,0.25,0.1,1.0,1
AIR TANZANIA,17,7.0,0.4117647058823529,0.082352941,0.5294117647058824,1
AIR TAXI & CHARTER INTERNATIONAL,1,1.0,1.0,0.0,0.0,0
AIR TETIAROA,7,6.0,0.8571428571428571,0.0,0.0,0
AIR THANLWIN,4,2.0,0.5,0.0,0.0,0
AIR TINDI,7,5.0,0.7142857142857143,0.0,0.0,0
AIR TRANSAT,43,4.0,0.0930232558139534,0.0,0.4418604651162791,1
AIR TRANSPORT EUROPE,10,4.0,0.4,0.0,0.0,0
AIR TRANSPORT INTERNATIONAL,10,7.0,0.7,0.0,0.0,0
AIR TRAVEL,16,4.0,0.25,0.025,0.4375,1
AIR TXT,1,1.0,1.0,0.0,0.0,0
AIR URGA,4,2.0,0.5,0.0,0.0,0
AIR VANUATU,3,3.0,1.0,0.0,0.0,0
AIR VOLTA,4,2.0,0.5,0.0,0.0,0
AIR WISCONSIN,3,1.0,0.3333333333333333,0.0,0.0,0
AIR ZIMBABWE,4,4.0,1.0,0.0,0.0,0
AIR-GLACIERS,24,7.0,0.2916666666666667,0.0,0.0,0
AIR-TAXI EUROPE,4,1.0,0.25,0.0,0.0,0
AIR1AIR,2,2.0,1.0,0.0,0.0,0
AIR65 AVIATION,1,1.0,1.0,0.0,0.0,0
AIRACT,2,1.0,0.5,0.0,0.0,0
AIRASIA,225,4.0,0.0177777777777777,0.001777778,0.2444444444444444,1
AIRASIA X,25,1.0,0.04,0.0,0.0,0
AIRBLUE,12,3.0,0.25,0.0,0.1666666666666667,0
AIRBORNE IMAGING,4,1.0,0.25,0.0,0.0,0
AIRBUS,887,35.0,0.0394588500563697,0.00518602,0.8252536640360767,1
AIRBUS TRANSPORT INTERNATIONAL,11,2.0,0.1818181818181818,0.0,0.0,0
AIRCALIN,6,3.0,0.5,0.066666667,0.6666666666666666,1
AIRCHARTERS WORLDWIDE,2,2.0,1.0,0.0,0.0,0
AIRCRAFT MANAGEMENT GROUP,15,7.0,0.4666666666666667,0.0,0.0,0
AIREST,6,2.0,0.3333333333333333,0.0,0.0,0
AIREXPLORE,8,7.0,0.875,0.0,0.0,0
AIRFAST INDONESIA,10,6.0,0.6,0.04,0.2,0
AIRGO PRIVATE AIRLINE,3,2.0,0.6666666666666666,0.0,0.0,0
AIRHUB AIRLINES,1,1.0,1.0,0.0,0.0,0
AIRJET,2,2.0,1.0,0.0,0.0,0
AIRKENYA EXPRESS,5,4.0,0.8,0.0,0.0,0
AIRLEC AIR ESPACE,8,6.0,0.75,0.0,0.0,0
AIRLIFT,10,3.0,0.3,0.0,0.0,0
AIRLINK,87,25.0,0.2873563218390804,0.0,0.0,0
AIRMASTER,2,2.0,1.0,0.0,0.0,0
AIRNET,20,3.0,0.15,0.0,0.0,0
AIRNORTH,13,4.0,0.3076923076923077,0.0,0.0,0
AIRONE,1,1.0,1.0,0.0,0.0,0
AIRPAC AIRLINES,8,3.0,0.375,0.0,0.0,0
AIRQUEST AVIATION,2,2.0,1.0,0.0,0.0,0
AIRSERBIA,29,6.0,0.2068965517241379,0.0,0.0,0
AIRSF FLIGHT SERVICES,9,3.0,0.3333333333333333,0.0,0.0,0
AIRSHARE,70,30.0,0.4285714285714285,0.0,0.0,0
AIRSIAL,7,3.0,0.4285714285714285,0.0,0.0,0
AIRSMART,8,4.0,0.5,0.0,0.0,0
AIRSPRINT,40,6.0,0.15,0.0,0.0,0
AIRSTAR CHARTER,3,3.0,1.0,0.0,0.0,0
AIRSTREAM,2,2.0,1.0,0.0,0.0,0
AIRSWIFT,5,2.0,0.4,0.0,0.0,0
AIRTANKER,2,1.0,0.5,0.0,0.0,0
AIRTASK,3,2.0,0.6666666666666666,0.0,0.0,0
AIRTRAFFIC,4,1.0,0.25,0.0,0.0,0
AIRWORK,10,8.0,0.8,0.0,0.0,0
AIRX,19,6.0,0.3157894736842105,0.0,0.0,0
AIS AIRLINES,7,1.0,0.1428571428571428,0.0,0.0,0
AITHERAS AVIATION GROUP,9,6.0,0.6666666666666666,0.0,0.0,0
AJET,90,11.0,0.1222222222222222,0.008888889,0.4222222222222222,1
AKASA AIR,30,2.0,0.0666666666666666,0.026666667,1.0,1
ALADDIN JET,1,1.0,1.0,0.0,0.0,0
ALAMAN AIR,2,2.0,1.0,0.0,0.0,0
ALANTE AIR CHARTER,5,4.0,0.8,0.0,0.0,0
ALASKA AIRLINES,332,9.0,0.0271084337349397,0.002409639,0.2650602409638554,1
ALASKA CENTRAL EXPRESS,19,1.0,0.0526315789473684,0.0,0.0,0
ALBASTAR,5,5.0,1.0,0.0,0.0,0
ALBATROS AIRLINES,1,1.0,1.0,0.0,0.0,0
ALBINATI AERONAUTICS,2,2.0,1.0,0.0,0.0,0
ALBINATI AVIATION,1,1.0,1.0,0.0,0.0,0
ALEXANDRIA AIRLINES,1,1.0,1.0,0.0,0.0,0
ALFA AIRLINES,2,2.0,1.0,0.0,0.0,0
ALHAYA AVIATION,1,1.0,1.0,0.0,0.0,0
ALIDAUNIA,9,5.0,0.5555555555555556,0.0,0.0,0
ALISERIO,11,7.0,0.6363636363636364,0.0,0.0,0
ALK AIRLINES,1,1.0,1.0,0.0,0.0,0
ALKAN AIR,21,13.0,0.6190476190476191,0.0,0.0,0
ALL NIPPON AIRWAYS,247,20.0,0.0809716599190283,0.008097166,0.4817813765182186,1
ALLEGIANT AIR,131,4.0,0.0305343511450381,0.003053435,0.1068702290076336,0
ALLIANCE AIR,22,4.0,0.1818181818181818,0.0,0.0,0
ALLIANCE AIRLINES,45,4.0,0.0888888888888888,0.0,0.0,0
ALLIANCE EXECUTIVE JETS,4,3.0,0.75,0.0,0.0,0
ALLIED AIR,4,4.0,1.0,0.0,0.0,0
ALMASRIA UNIVERSAL AIRLINES,8,4.0,0.5,0.0,0.0,0
ALOHA AIR CARGO,9,8.0,0.8888888888888888,0.0,0.0,0
ALPAVIA,2,1.0,0.5,0.0,0.0,0
ALPHA AVIATION,21,9.0,0.4285714285714285,0.0,0.0,0
ALPHA THREE AVIATION,1,1.0,1.0,0.0,0.0,0
ALPHALAND AVIATION,2,1.0,0.5,0.0,0.0,0
ALPHASKY,3,3.0,1.0,0.0,0.0,0
ALPINE AIR EXPRESS,76,7.0,0.0921052631578947,0.0,0.0,0
ALPINE FLIGHTSERVICE,2,2.0,1.0,0.0,0.0,0
ALROSA,5,3.0,0.6,0.0,0.0,0
ALTAGNA,2,2.0,1.0,0.0,0.0,0
ALTAIR AIRLINES,1,1.0,1.0,0.0,0.0,0
ALTIUS AVIATION,4,3.0,0.75,0.0,0.0,0
AMAKUSA AIRLINES,1,1.0,1.0,0.0,0.0,0
AMC AIRLINES,3,2.0,0.6666666666666666,0.0,0.0,0
AMC AVIATION,17,15.0,0.8823529411764706,0.0,0.0,0
AMELIA,20,9.0,0.45,0.0,0.0,0
AMERICAN AIR CHARTER,8,7.0,0.875,0.0,0.0,0
AMERICAN AIRLINES,1598,29.0,0.0181476846057571,0.001001252,0.1420525657071339,1
AMERICAN JET,6,5.0,0.8333333333333334,0.0,0.0,0
AMERICAN JET INTERNATIONAL,10,6.0,0.6,0.0,0.0,0
AMERIFLIGHT,132,11.0,0.0833333333333333,0.0,0.0,0
AMERIJET INTERNATIONAL,12,6.0,0.5,0.0,0.0,0
AMERISTAR,12,4.0,0.3333333333333333,0.0,0.0,0
ANAP JETS,7,6.0,0.8571428571428571,0.0,0.0,0
ANDES LINEAS AEREAS,4,3.0,0.75,0.0,0.0,0
ANGARA AIRLINES,2,1.0,0.5,0.0,0.0,0
ANGUILLA AIR SERVICES,6,6.0,1.0,0.0,0.0,0
ANIMAWINGS,4,3.0,0.75,0.15,0.5,1
ANTONOV AIRLINES,7,6.0,0.8571428571428571,0.0,0.0,0
APG AIRLINES,1,1.0,1.0,0.0,0.0,0
ARAB WINGS,5,5.0,1.0,0.0,0.0,0
ARAJET,10,1.0,0.1,0.04,1.0,1
ARC EN CIEL,4,3.0,0.75,0.0,0.0,0
ARCUS AIR,9,4.0,0.4444444444444444,0.0,0.0,0
ARGENTINA - AIR FORCE,61,21.0,0.3442622950819672,0.0,0.0,0
ARIANA AFGHAN AIRLINES,6,4.0,0.6666666666666666,0.0,0.0,0
ARIK AIR,9,4.0,0.4444444444444444,0.0,0.0,0
ARIRANG AVIATION,2,2.0,1.0,0.0,0.0,0
ARKHANGELSK AIRLINES,3,1.0,0.3333333333333333,0.0,0.0,0
ARM AVIACION,7,5.0,0.7142857142857143,0.0,0.0,0
ARMENIA AIRWAYS,3,3.0,1.0,0.0,0.0,0
ARUBA AIRLINES,1,1.0,1.0,0.0,0.0,0
ASCEND AIRWAYS,4,2.0,0.5,0.1,0.75,1
ASG BUSINESS AVIATION,7,5.0,0.7142857142857143,0.0,0.0,0
ASIA CARGO AIRLINES,2,2.0,1.0,0.0,0.0,0
ASIA PACIFIC AIRLINES,5,4.0,0.8,0.0,0.0,0
ASIA UNION AIRLINES,2,2.0,1.0,0.0,0.0,0
ASIAN EXPRESS AIRLINES,1,1.0,1.0,0.0,0.0,0
ASIAN EXPRESS GENERAL AVIATION WUXI,4,2.0,0.5,0.0,0.0,0
ASIANA AIRLINES,82,14.0,0.1707317073170731,0.004878049,0.3414634146341464,1
ASKY AIRLINES,17,11.0,0.6470588235294118,0.023529412,0.1176470588235294,0
ASL AIRLINES,78,38.0,0.4871794871794871,0.0,0.0,0
ASMAN AIRLINES,1,1.0,1.0,0.0,0.0,0
ASPEN HELICOPTERS,15,11.0,0.7333333333333333,0.0,0.0,0
ASTA LINHAS AEREAS,3,1.0,0.3333333333333333,0.0,0.0,0
ASTONFLY,17,2.0,0.1176470588235294,0.0,0.0,0
ASTONJET,8,2.0,0.25,0.0,0.0,0
ASTRAL AVIATION,6,6.0,1.0,0.0,0.0,0
ATA AIRLINES,16,7.0,0.4375,0.0,0.0,0
ATI JET,21,3.0,0.1428571428571428,0.0,0.0,0
ATLANTA AIR CHARTER,3,2.0,0.6666666666666666,0.0,0.0,0
ATLANTIC AIRWAYS,6,3.0,0.5,0.066666667,0.3333333333333333,1
ATLANTIC FLIGHT TRAINING ACADEMY,19,6.0,0.3157894736842105,0.0,0.0,0
ATLAS AIR,69,32.0,0.463768115942029,0.0,0.0,0
ATLAS AIR SERVICE,10,7.0,0.7,0.0,0.0,0
ATM INFORMATION SERVICE JAPAN,4,2.0,0.5,0.0,0.0,0
ATMOSPHERICA AVIATION,6,4.0,0.6666666666666666,0.0,0.0,0
ATP FLIGHT SCHOOL,4,2.0,0.5,0.0,0.0,0
ATR,71,3.0,0.0422535211267605,0.0,0.0,0
ATRAN,3,2.0,0.6666666666666666,0.0,0.0,0
ATSA AIRLINES,9,6.0,0.6666666666666666,0.0,0.0,0
AUCKLAND RESCUE HELICOPTER,4,2.0,0.5,0.0,0.0,0
AURIC AIR,25,4.0,0.16,0.0,0.0,0
AURIGNY AIR SERVICES,7,2.0,0.2857142857142857,0.0,0.0,0
AURORA,19,5.0,0.2631578947368421,0.0,0.0,0
AURORA FLIGHT SCIENCES,4,3.0,0.75,0.0,0.0,0
AUSTRALIA - CUSTOMS,1,1.0,1.0,0.0,0.0,0
AUSTRALIA - FEDERAL POLICE,1,1.0,1.0,0.0,0.0,0
AUSTRALIA - ROYAL AUSTRALIAN AIR FORCE,151,14.0,0.0927152317880794,0.002649007,0.0066225165562913,0
AUSTRIA - AIR FORCE,10,1.0,0.1,0.0,0.0,0
AUSTRIAN AIRLINES,68,11.0,0.1617647058823529,0.011764706,0.1029411764705882,0
AV8JET,4,4.0,1.0,0.0,0.0,0
AVA AIRLINES,4,4.0,1.0,0.0,0.0,0
AVALAIR AIRCRAFT MANAGEMENT,11,8.0,0.7272727272727273,0.0,0.0,0
AVANTI AIR,2,1.0,0.5,0.0,0.0,0
AVCENTER,5,4.0,0.8,0.0,0.0,0
AVCON JET,11,8.0,0.7272727272727273,0.0,0.0,0
AVELO AIRLINES,19,6.0,0.3157894736842105,0.0,0.0,0
AVIA TRAFFIC,6,5.0,0.8333333333333334,0.0,0.0,0
AVIACON ZITOTRANS,5,1.0,0.2,0.0,0.0,0
AVIANCA,151,4.0,0.0264900662251655,0.005298013,0.4172185430463576,1
AVIANCA CARGO,8,2.0,0.25,0.0,0.0,0
AVIASERVICE,5,4.0,0.8,0.0,0.0,0
AVIASTAR,1,1.0,1.0,0.0,0.0,0
AVIASTAR-TU,8,3.0,0.375,0.0,0.0,0
AVIATION ADVENTURES,54,26.0,0.4814814814814814,0.0,0.0,0
AVIATION ADVISOR,16,10.0,0.625,0.0,0.0,0
AVIATION DAFENSE SERVICE,5,0.0,0.0,0.0,0.0,0
AVIATION HORIZONS,5,5.0,1.0,0.0,0.0,0
AVIATION SERVICES MANAGEMENT,2,2.0,1.0,0.0,0.0,0
AVIATOR COLLEGE,54,10.0,0.1851851851851851,0.0,0.0,0
AVIATOR ZONE ACADEMY,16,6.0,0.375,0.0,0.0,0
AVIATOR.S5,2,2.0,1.0,0.0,0.0,0
AVIATSA,1,1.0,1.0,0.0,0.0,0
AVINCIS,103,18.0,0.174757281553398,0.0,0.0,0
AVION EXPRESS,10,3.0,0.3,0.0,0.0,0
AVIONCO,1,1.0,1.0,0.0,0.0,0
AVIONORD,7,3.0,0.4285714285714285,0.0,0.0,0
AVIOR AIRLINES,6,5.0,0.8333333333333334,0.0,0.0,0
AVIOSTART,3,1.0,0.3333333333333333,0.0,0.0,0
AWA,15,10.0,0.6666666666666666,0.0,0.0,0
AWESOME CARGO,3,2.0,0.6666666666666666,0.0,0.0,0
AXIO,6,3.0,0.5,0.0,0.0,0
AXIS AVIATION,7,6.0,0.8571428571428571,0.0,0.0,0
AZERBAIJAN AIRLINES,33,13.0,0.3939393939393939,0.024242424,0.1515151515151515,0
AZIMUTH,20,2.0,0.1,0.0,0.0,0
AZMAN AIR,5,4.0,0.8,0.0,0.0,0
AZORES AIRLINES,10,4.0,0.4,0.08,0.7,1
AZTEC AIRWAYS,13,5.0,0.3846153846153846,0.0,0.0,0
AZUL,209,15.0,0.0717703349282296,0.003827751,0.4736842105263158,1
AZUL CONECTA,1,1.0,1.0,0.0,0.0,0
AZUR AIR,20,9.0,0.45,0.0,0.0,0
AZURE AVIATION,2,2.0,1.0,0.0,0.0,0
BAA TRAINING,7,5.0,0.7142857142857143,0.0,0.0,0
BABCOCK,51,6.0,0.1176470588235294,0.0,0.0,0
BADEN AIRCRAFT OPERATIONS,1,1.0,1.0,0.0,0.0,0
BADR AIRLINES,8,6.0,0.75,0.0,0.0,0
BAE SYSTEMS,3,3.0,1.0,0.0,0.0,0
BAHAMASAIR,10,6.0,0.6,0.0,0.0,0
BAHRAIN ROYAL FLIGHT,4,3.0,0.75,0.0,0.0,0
BAIRLINE,3,3.0,1.0,0.0,0.0,0
BAKER AVIATION,21,4.0,0.1904761904761904,0.0,0.0,0
BAMBOO AIRWAYS,6,3.0,0.5,0.066666667,0.1666666666666667,1
BANGKOK AIRWAYS,26,4.0,0.1538461538461538,0.0,0.0,0
BANKAIR,5,2.0,0.4,0.0,0.0,0
BAR XH AIR,2,1.0,0.5,0.0,0.0,0
BARTOLINI AIR,31,11.0,0.3548387096774194,0.0,0.0,0
BASSAKA AIR,2,1.0,0.5,0.0,0.0,0
BATIK AIR,104,9.0,0.0865384615384615,0.007692308,0.1442307692307692,0
BBN AIRLINES,3,2.0,0.6666666666666666,0.0,0.0,0
BBN AIRLINES INDONESIA,5,5.0,1.0,0.0,0.0,0
BEIJING AIRLINES,7,5.0,0.7142857142857143,0.0,0.0,0
BEL AIR AVIATION,6,2.0,0.3333333333333333,0.0,0.0,0
BELAVIA,14,9.0,0.6428571428571429,0.028571429,0.0714285714285714,0
BELGIUM - AIR FORCE,30,11.0,0.3666666666666666,0.0,0.0,0
BELGIUM - NAVY,3,1.0,0.3333333333333333,0.0,0.0,0
BELL HELICOPTER,91,3.0,0.0329670329670329,0.0,0.0,0
BELLAIR,10,5.0,0.5,0.0,0.0,0
BEMIDJI AVIATION,43,13.0,0.3023255813953488,0.0,0.0,0
BENIN AIRLINES,2,1.0,0.5,0.0,0.0,0
BEOND,2,2.0,1.0,0.0,0.0,0
BERING AIR,40,11.0,0.275,0.0,0.0,0
BERJAYA AIR,2,2.0,1.0,0.0,0.0,0
BERMUDAIR,4,2.0,0.5,0.0,0.0,0
BERNIQ AIRWAYS,7,2.0,0.2857142857142857,0.0,0.0,0
BERRY AVIATION,20,6.0,0.3,0.0,0.0,0
BEST JETS INTERNATIONAL,2,2.0,1.0,0.0,0.0,0
BESTFLY ARUBA,12,10.0,0.8333333333333334,0.0,0.0,0
BH AIR,1,0.0,0.0,0.0,0.0,0
BHUTAN AIRLINES,2,1.0,0.5,0.0,0.0,0
BIG BEND COMMUNITY COLLEGE AVIATION,35,11.0,0.3142857142857143,0.0,0.0,0
BIGHORN AIRWAYS,24,14.0,0.5833333333333334,0.0,0.0,0
BIMAN BANGLADESH AIRLINES,21,7.0,0.3333333333333333,0.038095238,0.2857142857142857,1
BINAIR,4,1.0,0.25,0.0,0.0,0
BINTER CANARIAS,44,3.0,0.0681818181818181,0.0,0.3636363636363636,1
BIOFLIGHT,12,2.0,0.1666666666666666,0.0,0.0,0
BIRDBASE AVIATION,2,1.0,0.5,0.0,0.0,0
BLESSINGS AVIATION CHARTER,8,4.0,0.5,0.0,0.0,0
BLUE DART AVIATION,5,4.0,0.8,0.0,0.0,0
BLUE ISLANDS,5,2.0,0.4,0.0,0.0,0
BLUE SQUARE AVIATION,1,1.0,1.0,0.0,0.0,0
BLUEBIRD AIRWAYS,4,3.0,0.75,0.0,0.0,0
BLUEBIRD AVIATION,7,3.0,0.4285714285714285,0.0,0.0,0
BLUESKY AIRWAYS,3,2.0,0.6666666666666666,0.0,0.0,0
BOEING,334,26.0,0.0778443113772455,0.008383234,0.4251497005988024,1
BOLIVIANA DE AVIACION,26,16.0,0.6153846153846154,0.0,0.0,0
BOOKAJET,1,1.0,1.0,0.0,0.0,0
BOUTIQUE AIR,14,2.0,0.1428571428571428,0.0,0.0,0
BRA,17,4.0,0.2352941176470588,0.0,0.0,0
BRASPRESS AIR CARGO,2,1.0,0.5,0.0,0.0,0
BRAVO AIRWAYS,2,2.0,1.0,0.0,0.0,0
BRAZIL - AIR FORCE,247,41.0,0.1659919028340081,0.0,0.0,1
BRAZIL - ARMY,5,3.0,0.6,0.0,0.0,0
BRAZIL - NAVY,6,5.0,0.8333333333333334,0.0,0.0,0
BREEZE AIRWAYS,54,3.0,0.0555555555555555,0.011111111,0.7962962962962963,1
BRIDGER AEROSPACE,17,5.0,0.2941176470588235,0.0,0.0,0
BRILLIANT JET,1,1.0,1.0,0.0,0.0,0
BRISTOW HELICOPTERS,113,10.0,0.0884955752212389,0.0,0.0,0
BRISTOW NIGERIA,6,2.0,0.3333333333333333,0.0,0.0,0
BRITISH AIRWAYS,305,18.0,0.0590163934426229,0.006557377,0.3573770491803279,1
BRITISH INTERNATIONAL HELICOPTERS,5,2.0,0.4,0.0,0.0,0
BROMMA AIR MAINTENANCE,3,2.0,0.6666666666666666,0.0,0.0,0
BRUSSELS AIRLINES,48,6.0,0.125,0.008333333,0.1041666666666667,0
BUDAPEST AIRCRAFT SERVICE,3,1.0,0.3333333333333333,0.0,0.0,0
BUDDHA AIR,19,2.0,0.1052631578947368,0.0,0.0,0
BUFFALO AIRWAYS,57,22.0,0.3859649122807017,0.0,0.0,0
BUFFALO RIVER AVIATION,3,3.0,1.0,0.0,0.0,0
BUL AIR,8,5.0,0.625,0.0,0.0,0
BULGARIA - AIR FORCE,21,10.0,0.4761904761904761,0.0,0.0,0
BULGARIA - GOVERNMENT,1,1.0,1.0,0.0,0.0,0
BULGARIA AIR,14,5.0,0.3571428571428571,0.085714286,0.5,1
BURAQ AIR,5,2.0,0.4,0.0,0.0,0
BUSINESS AVIATION ASIA,7,6.0,0.8571428571428571,0.0,0.0,0
BUSINESS WINGS,4,3.0,0.75,0.0,0.0,0
BUZZ,12,1.0,0.0833333333333333,0.033333333,1.0,1
BYSKY,3,1.0,0.3333333333333333,0.0,0.0,0
CAA,10,6.0,0.6,0.0,0.0,0
CABO VERDE AIRLINES,2,2.0,1.0,0.2,0.5,1
CAE,124,13.0,0.1048387096774193,0.0,0.0,0
CAE AVIATION,2,2.0,1.0,0.0,0.0,0
CAICOS EXPRESS AIRWAYS,8,4.0,0.5,0.0,0.0,0
CALM AIR,6,3.0,0.5,0.0,0.0,0
CALSTAR,14,5.0,0.3571428571428571,0.0,0.0,0
CAMAIR-CO,5,4.0,0.8,0.0,0.0,0
CAMBODIA AIRWAYS,6,3.0,0.5,0.0,0.0,0
CAMEX AIRLINES,3,3.0,1.0,0.0,0.0,0
CANADA - COAST GUARD,26,3.0,0.1153846153846153,0.0,0.0,0
CANADA - DEPARTMENT OF TRANSPORT,37,8.0,0.2162162162162162,0.0,0.0,0
CANADA - ONTARIO MINISTRY OF NATURAL RESOURCES,25,5.0,0.2,0.0,0.0,0
CANADA - ROYAL CANADIAN AIR FORCE,155,26.0,0.1677419354838709,0.0,0.0,0
CANADA - ROYAL CANADIAN MOUNTED POLICE,1,1.0,1.0,0.0,0.0,0
CANADA - SASKATCHEWAN AIR AMBULANCE SERVICE,4,1.0,0.25,0.0,0.0,0
CANADIAN AIRWAYS CONGO,3,2.0,0.6666666666666666,0.0,0.0,0
CANADIAN NORTH,33,16.0,0.4848484848484848,0.0,0.0,0
CANARYFLY,6,1.0,0.1666666666666666,0.0,0.0,0
CANAVIA,12,6.0,0.5,0.0,0.0,0
CANLINK AVIATION,59,6.0,0.1016949152542373,0.0,0.0,0
CANWEST AIR,19,6.0,0.3157894736842105,0.0,0.0,0
CAPE AIR,103,4.0,0.0388349514563106,0.0,0.0,0
CAPITAL AIR AMBULANCE,4,2.0,0.5,0.0,0.0,0
CAPITAL AIRLINES,88,14.0,0.1590909090909091,0.004545455,0.1136363636363636,0
CAPITAL CITY AIR CARRIERS,3,3.0,1.0,0.0,0.0,0
CARDIG AIR,1,1.0,1.0,0.0,0.0,0
CAREFLIGHT,16,8.0,0.5,0.0,0.0,0
CARGO AIR,11,11.0,1.0,0.0,0.0,0
CARGOJET AIRWAYS,40,21.0,0.525,0.0,0.0,0
CARGOLUX,30,6.0,0.2,0.0,0.0,0
CARIBBEAN AIRLINES,20,3.0,0.15,0.02,0.45,1
CARPATAIR,3,3.0,1.0,0.0,0.0,0
CARSON AIR,22,6.0,0.2727272727272727,0.0,0.0,0
CASPIAN AIRLINES,11,3.0,0.2727272727272727,0.0,0.0,0
CASTLE AVIATION,20,8.0,0.4,0.0,0.0,0
CATHAY PACIFIC,179,10.0,0.0558659217877094,0.004469274,0.3575418994413408,1
CATREUS,5,4.0,0.8,0.0,0.0,0
CAVOK AIR,5,3.0,0.6,0.0,0.0,0
CAYMAN AIRWAYS,9,3.0,0.3333333333333333,0.044444444,0.4444444444444444,1
CB SKYSHARE,10,5.0,0.5,0.0,0.0,0
CEBU PACIFIC,92,7.0,0.0760869565217391,0.004347826,0.5652173913043478,1
CEIBA INTERCONTINENTAL,3,3.0,1.0,0.0,0.0,0
CEMAIR,21,10.0,0.4761904761904761,0.0,0.0,0
CENTRAL AIR SOUTHWEST,27,2.0,0.074074074074074,0.0,0.0,0
CENTRAL AIRLINES,9,7.0,0.7777777777777778,0.0,0.0,0
CENTRAL MOUNTAIN AIR,27,5.0,0.1851851851851851,0.0,0.0,0
CENTRELINE,10,7.0,0.7,0.0,0.0,0
CHABAHAR AIRLINES,6,2.0,0.3333333333333333,0.0,0.0,0
CHAIR AIRLINES,4,2.0,0.5,0.0,0.0,0
CHALAIR AVIATION,11,4.0,0.3636363636363636,0.0,0.0,0
CHALLENGE AIRLINES BE,7,7.0,1.0,0.0,0.0,0
CHARTER AIRLINES,9,1.0,0.1111111111111111,0.0,0.0,0
CHARTER JETS,4,4.0,1.0,0.0,0.0,0
CHARTRIGHT AIR,21,15.0,0.7142857142857143,0.0,0.0,0
CHC HELICOPTER,91,11.0,0.1208791208791208,0.0,0.0,0
CHENGDU AIRLINES,82,6.0,0.073170731707317,0.009756098,0.2073170731707317,0
CHEVRON USA,11,3.0,0.2727272727272727,0.0,0.0,0
CHICAGO JET GROUP,4,2.0,0.5,0.0,0.0,0
CHINA - AIR FORCE,16,7.0,0.4375,0.0,0.0,0
CHINA - CIVIL AVIATION ADMINISTRATION,20,4.0,0.2,0.0,0.0,0
CHINA AIRLINES,85,10.0,0.1176470588235294,0.004705882,0.3764705882352941,1
CHINA CARGO AIRLINES,17,2.0,0.1176470588235294,0.0,0.0,0
CHINA EASTERN AIRLINES,671,23.0,0.0342771982116244,0.002980626,0.2488822652757079,1
CHINA EXPRESS AIRLINES,78,6.0,0.0769230769230769,0.005128205,0.2564102564102564,1
CHINA FLIGHT GENERAL AVIATION COMPANY,2,2.0,1.0,0.0,0.0,0
CHINA POSTAL AIRLINES,39,15.0,0.3846153846153846,0.0,0.0,0
CHINA SOUTHERN AIRLINES,681,30.0,0.0440528634361233,0.005286344,0.3480176211453744,1
CHINA SOUTHERN AIRLINES GENERAL AVIATION,6,3.0,0.5,0.0,0.0,0
CHINA SOUTHERN CARGO,11,2.0,0.1818181818181818,0.0,0.0,0
CHINA UNITED AIRLINES,59,5.0,0.0847457627118644,0.0,0.0,0
CHODANG UNIVERSITY,13,1.0,0.0769230769230769,0.0,0.0,0
CHONGQING AIRLINES,36,8.0,0.2222222222222222,0.011111111,0.3333333333333333,1
CHRONO AVIATION,10,4.0,0.4,0.0,0.0,0
CHRONO JET,3,2.0,0.6666666666666666,0.0,0.0,0
CITIC OFFSHORE HELICOPTER,31,6.0,0.1935483870967742,0.0,0.0,0
CITILINK,59,6.0,0.1016949152542373,0.006779661,0.1694915254237288,0
CITYJET,8,2.0,0.25,0.0,0.0,0
CIVIL AIR PATROL,659,29.0,0.0440060698027314,0.0,0.0,1
CIVIL AVIATION FLIGHT UNIVERSITY OF CHINA,78,7.0,0.0897435897435897,0.0,0.0,0
CLASS AVIATION,1,1.0,1.0,0.0,0.0,0
CLAY LACY AVIATION,1,1.0,1.0,0.0,0.0,0
CLIC,20,3.0,0.15,0.0,0.0,0
CLIPPERJET,1,1.0,1.0,0.0,0.0,0
CM AIRLINES,1,1.0,1.0,0.0,0.0,0
CMA CGM AIR CARGO,5,2.0,0.4,0.0,0.0,0
COASTAL AVIATION,9,3.0,0.3333333333333333,0.0,0.0,0
COLOMBIA - AIR FORCE,122,30.0,0.2459016393442623,0.0,0.0,0
COLORFUL GUIZHOU AIRLINES,20,2.0,0.1,0.02,0.55,1
COLORFUL YUNNAN AIRLINES,1,1.0,1.0,0.0,0.0,0
COMLUX,6,5.0,0.8333333333333334,0.166666667,0.5,1
COMMUTEAIR,1,1.0,1.0,0.0,0.0,0
COMPAGNIA AERONAUTICA ITALIANA,1,1.0,1.0,0.0,0.0,0
COMPASS AIR CARGO,7,6.0,0.8571428571428571,0.0,0.0,0
CONAIR,75,19.0,0.2533333333333333,0.0,0.0,0
CONDOR,70,9.0,0.1285714285714285,0.005714286,0.3857142857142857,1
CONOCOPHILLIPS,6,4.0,0.6666666666666666,0.0,0.0,0
CONQUEST AIR,2,1.0,0.5,0.0,0.0,0
CONSTANTA AIRLINE,2,2.0,1.0,0.0,0.0,0
CONTOUR AVIATION,44,12.0,0.2727272727272727,0.0,0.0,0
CONVIASA,24,8.0,0.3333333333333333,0.0,0.0,0
COPA AIRLINES,106,6.0,0.0566037735849056,0.00754717,0.3584905660377358,1
COPENHAGEN AIRTAXI,6,6.0,1.0,0.0,0.0,0
CORENDON AIRLINES,32,19.0,0.59375,0.025,0.28125,1
CORPORATE AIR,1,1.0,1.0,0.0,0.0,0
CORPORATE JET,2,1.0,0.5,0.0,0.0,0
CORSAIR,10,2.0,0.2,0.0,0.9,1
COSTA RICA - MINISTRY OF PUBLIC SECURITY,10,6.0,0.6,0.0,0.0,0
COSTA RICA GREEN AIRWAYS,5,3.0,0.6,0.0,0.0,0
COULSON AVIATION,15,5.0,0.3333333333333333,0.0,0.0,0
CRANFIELD FLIGHT TRAINING,5,5.0,1.0,0.0,0.0,0
CROATIA - AIR FORCE,7,7.0,1.0,0.0,0.0,0
CROATIA AIRLINES,16,4.0,0.25,0.0375,0.3125,1
CRONOS AIRLINES,4,4.0,1.0,0.0,0.0,0
CRONOS AIRLINES BENIN,1,1.0,1.0,0.0,0.0,0
CROSS AVIATION,3,2.0,0.6666666666666666,0.0,0.0,0
CROWN AIRLINES,1,1.0,1.0,0.0,0.0,0
CRYSTAL AIR,6,6.0,1.0,0.0,0.0,0
CTP AVIATION,6,6.0,1.0,0.0,0.0,0
CUBANA,9,5.0,0.5555555555555556,0.0,0.0,0
CYGNUS AIR,5,4.0,0.8,0.0,0.0,0
CYPRUS AIRWAYS,6,2.0,0.3333333333333333,0.1,0.6666666666666666,1
CZECHIA - AIR FORCE,21,7.0,0.3333333333333333,0.0,0.0,0
DAALLO AIRLINES,4,4.0,1.0,0.0,0.0,0
DALIAN AIRLINES,13,2.0,0.1538461538461538,0.0,0.0,0
DAN AIR,3,2.0,0.6666666666666666,0.0,0.0,0
DANA AIR,7,4.0,0.5714285714285714,0.0,0.0,0
DAS PRIVATE JETS,5,4.0,0.8,0.0,0.0,0
DASSAULT FALCON SERVICE,8,5.0,0.625,0.0,0.0,0
DAT,23,11.0,0.4782608695652174,0.0,0.0,0
DB AVIATION,4,3.0,0.75,0.0,0.0,0
DE HAVILLAND CANADA,23,4.0,0.1739130434782608,0.0,0.0,0
DEA AVIATION,3,2.0,0.6666666666666666,0.0,0.0,0
DEER JET,15,6.0,0.4,0.0,0.0,0
DEER JET BEIJING,7,5.0,0.7142857142857143,0.057142857,0.1428571428571428,0
DELTA AIR LINES,1302,37.0,0.0284178187403993,0.001228879,0.1766513056835637,1
DELTA STATE UNIVERSITY AVIATION,28,7.0,0.25,0.0,0.0,0
DESERT JET,3,2.0,0.6666666666666666,0.0,0.0,0
DEXTER AIR TAXI,5,2.0,0.4,0.0,0.0,0
DHL AIR,231,69.0,0.2987012987012987,0.0,0.0,1
DIAMOND SKY,5,4.0,0.8,0.0,0.0,0
DIGAJET,4,1.0,0.25,0.0,0.0,0
DIRECT2,1,1.0,1.0,0.0,0.0,0
DISCOVER AIRLINES,30,3.0,0.1,0.0,0.0,0
DIVI DIVI AIR,5,3.0,0.6,0.0,0.0,0
DOKIA AIR,1,1.0,1.0,0.0,0.0,0
DONGHAI AIRLINES,24,4.0,0.1666666666666666,0.016666667,0.0833333333333333,0
DORNIER AVIATION NIGERIA AIEP,4,2.0,0.5,0.0,0.0,0
DRAGONFLY EXECUTIVE,4,4.0,1.0,0.0,0.0,0
DRAKEN EUROPE,29,10.0,0.3448275862068966,0.0,0.0,0
DREAMLINE AVIATION,11,7.0,0.6363636363636364,0.0,0.0,0
DRF LUFTRETTUNG,54,5.0,0.0925925925925925,0.0,0.0,0
DRUK AIR,7,4.0,0.5714285714285714,0.057142857,0.1428571428571428,0
E+S AIR,12,1.0,0.0833333333333333,0.0,0.0,0
E-AVIATION,4,4.0,1.0,0.0,0.0,0
E-CARGO AIRLINES,1,1.0,1.0,0.0,0.0,0
EADS CASA,6,3.0,0.5,0.0,0.0,0
EAGLE AIR ICELAND,3,1.0,0.3333333333333333,0.0,0.0,0
EAGLE CREEK AVIATION,2,2.0,1.0,0.0,0.0,0
EAGLEMED,17,3.0,0.1764705882352941,0.0,0.0,0
EAS BARCELONA,15,4.0,0.2666666666666666,0.0,0.0,0
EAST COAST FLIGHT SERVICES,2,2.0,1.0,0.0,0.0,0
EAST COAST JETS,5,3.0,0.6,0.0,0.0,0
EAST WING,2,2.0,1.0,0.0,0.0,0
EASTAR JET,15,5.0,0.3333333333333333,0.026666667,0.3333333333333333,1
EASTERN AIR EXPRESS,23,11.0,0.4782608695652174,0.0,0.0,0
EASTERN AIRLINES,2,2.0,1.0,0.0,0.0,0
EASTERN AIRWAYS,19,5.0,0.2631578947368421,0.0,0.0,0
EASY CHARTER,1,1.0,1.0,0.0,0.0,0
EASYJET,358,5.0,0.0139664804469273,0.001117318,0.2653631284916201,1
EATIS,1,1.0,1.0,0.0,0.0,0
EC CHARTER,3,3.0,1.0,0.0,0.0,0
ECOJET,4,2.0,0.5,0.0,0.0,0
ECUADOR - AIR FORCE,22,8.0,0.3636363636363636,0.0,0.0,0
EDELWEISS AIR,21,3.0,0.1428571428571428,0.019047619,0.0952380952380952,0
EGT JET,3,2.0,0.6666666666666666,0.0,0.0,0
EGYPT - AIR FORCE,56,13.0,0.2321428571428571,0.0,0.0,0
EGYPTAIR,67,10.0,0.1492537313432835,0.011940299,0.3432835820895522,1
EGYPTAIR CARGO,5,3.0,0.6,0.0,0.0,0
EIS AIRCRAFT,12,4.0,0.3333333333333333,0.0,0.0,0
EJM EUROPE,9,8.0,0.8888888888888888,0.0,0.0,0
ELAN EXPRESS,1,1.0,1.0,0.0,0.0,0
ELANGENI,6,4.0,0.6666666666666666,0.0,0.0,0
ELECTRA AIRWAYS,7,3.0,0.4285714285714285,0.0,0.0,0
ELEMENTAL AVIATION,2,2.0,1.0,0.0,0.0,0
ELIFRIULIA,17,3.0,0.1764705882352941,0.0,0.0,0
ELILOMBARDA,5,3.0,0.6,0.0,0.0,0
ELIN GROUP,1,1.0,1.0,0.0,0.0,0
ELIOSSOLA,6,1.0,0.1666666666666666,0.0,0.0,0
ELITALIANA,12,8.0,0.6666666666666666,0.0,0.0,0
ELITE AIR,13,12.0,0.9230769230769232,0.0,0.0,0
ELITELLINA,5,1.0,0.2,0.0,0.0,0
ELVETIA AVIATION,1,1.0,1.0,0.0,0.0,0
EMBRAER,147,17.0,0.1156462585034013,0.0,0.0544217687074829,0
EMBRY-RIDDLE AERONAUTICAL UNIVERSITY,244,17.0,0.0696721311475409,0.0,0.0,0
EMIRATES,269,9.0,0.0334572490706319,0.001486989,0.0297397769516728,0
EMIRATES FLIGHT TRAINING ACADEMY,30,4.0,0.1333333333333333,0.0,0.0,0
EMPEROR AVIATION,4,3.0,0.75,0.0,0.0,0
EMPIRE AVIATION,6,4.0,0.6666666666666666,0.0,0.0,0
ENAC ECOLE AVIATION CIVILE,90,9.0,0.1,0.0,0.0,0
ENCORE AIR CARGO,15,3.0,0.2,0.0,0.0,0
ENG AVIATION,3,3.0,1.0,0.0,0.0,0
ENTER AIR,35,11.0,0.3142857142857143,0.011428571,0.2571428571428571,1
EPIC FLIGHT ACADEMY,49,3.0,0.0612244897959183,0.0,0.0,0
EPSILON AVIATION,4,2.0,0.5,0.0,0.0,0
ERA HELICOPTERS,59,11.0,0.1864406779661017,0.0,0.0,0
ESTAFETA CARGA AEREA,6,5.0,0.8333333333333334,0.0,0.0,0
ESTELAR,4,3.0,0.75,0.0,0.0,0
ESTONIA - AIR FORCE,4,3.0,0.75,0.0,0.0,0
ESWATINI AIR,2,1.0,0.5,0.0,0.0,0
ETF AIRWAYS,1,1.0,1.0,0.0,0.0,0
ETHIOPIAN AIRLINES,143,20.0,0.1398601398601398,0.013986014,0.5314685314685315,1
ETIHAD AIRWAYS,103,13.0,0.1262135922330097,0.019417476,0.5631067961165048,1
EURO LINK,4,3.0,0.75,0.0,0.0,0
EURO-ASIA AIR,5,2.0,0.4,0.0,0.0,0
EUROATLANTIC AIRWAYS,5,3.0,0.6,0.0,0.0,0
EUROAVIA AIRLINES,1,1.0,1.0,0.0,0.0,0
EUROCOPTER DEUTSCHLAND,126,3.0,0.0238095238095238,0.0,0.0,0
EUROPEAN AIR CHARTER,6,1.0,0.1666666666666666,0.0,0.0,0
EUROPEAN AIRCRAFT PRIVATE CLUB,10,3.0,0.3,0.0,0.0,0
EUROPEAN CARGO,9,2.0,0.2222222222222222,0.0,0.0,0
EUROPEAN FLIGHT ACADEMY,24,4.0,0.1666666666666666,0.0,0.0,0
EUROPEAN FLIGHT SERVICE,4,4.0,1.0,0.0,0.0,0
EUROPEAN FLYERS,13,6.0,0.4615384615384615,0.0,0.0,0
EUROWINGS,124,14.0,0.1129032258064516,0.003225806,0.1048387096774194,0
EVA AIR,90,11.0,0.1222222222222222,0.008888889,0.2111111111111111,1
EVERETT AVIATION,3,3.0,1.0,0.0,0.0,0
EVERTS AIR ALASKA,32,15.0,0.46875,0.0,0.0,0
EWA AIR,2,1.0,0.5,0.0,0.0,0
EXCELAIRE,1,1.0,1.0,0.0,0.0,0
EXCELLENT AIR,12,4.0,0.3333333333333333,0.0,0.0,0
EXCLUSIVE AVIATION,1,1.0,1.0,0.0,0.0,0
EXECUFLIGHT,1,1.0,1.0,0.0,0.0,0
EXECUJET MIDDLE EAST,4,4.0,1.0,0.0,0.0,0
EXECUTIVE AIRLINK,1,1.0,1.0,0.0,0.0,0
EXECUTIVE AVIATION CORPORATION,4,3.0,0.75,0.0,0.0,0
EXECUTIVE AVIATION SERVICES,2,2.0,1.0,0.0,0.0,0
EXECUTIVE FLITEWAYS,12,10.0,0.8333333333333334,0.0,0.0,0
EXECUTIVE JET CHARTER,1,0.0,0.0,0.0,0.0,0
EXECUTIVE JET MANAGEMENT,76,36.0,0.4736842105263157,0.0,0.0,0
EXPRESS AIR CARGO,3,3.0,1.0,0.0,0.0,0
EXXAERO,4,3.0,0.75,0.0,0.0,0
EZNIS AIRWAYS,1,1.0,1.0,0.0,0.0,0
EZY AIRLINES,1,1.0,1.0,0.0,0.0,0
FAI RENT-A-JET,25,6.0,0.24,0.0,0.0,0
FAIROAKS FLIGHT CENTRE,5,4.0,0.8,0.0,0.0,0
FALCON AVIATION SERVICES,22,8.0,0.3636363636363636,0.0,0.0,0
FALCON LUXE,1,1.0,1.0,0.0,0.0,0
FANJET EXPRESS,2,2.0,1.0,0.0,0.0,0
FARMINGDALE STATE UNIVERSITY AVIATION,17,3.0,0.1764705882352941,0.0,0.0,0
FAST AIR,11,9.0,0.8181818181818182,0.0,0.0,0
FASTJET,5,3.0,0.6,0.0,0.0,0
FEDERAL AIRLINES,11,4.0,0.3636363636363636,0.0,0.0,0
FEDEX,698,39.0,0.0558739255014326,0.0,0.0,1
FENIX AIR CHARTER,6,3.0,0.5,0.0,0.0,0
FEUERWEHR-FLUGDIENST NIEDERSACHSEN,2,1.0,0.5,0.0,0.0,0
FFL FLUGSCHULE,12,8.0,0.6666666666666666,0.0,0.0,0
FIJI AIRWAYS,23,8.0,0.3478260869565217,0.034782609,0.391304347826087,1
FINISTAIR,1,1.0,1.0,0.0,0.0,0
FINLAND - AIR FORCE,33,5.0,0.1515151515151515,0.0,0.0,0
FINNAIR,80,8.0,0.1,0.005,0.225,0
FINNHEMS,4,2.0,0.5,0.0,0.0,0
FIREBLADE AVIATION,2,2.0,1.0,0.0,0.0,0
FIREFLY,14,2.0,0.1428571428571428,0.0,0.0,0
FITSAIR,3,1.0,0.3333333333333333,0.0,0.0,0
FLAIR AIRLINES,20,2.0,0.1,0.02,0.9,1
FLEET AIR INTERNATIONAL,12,5.0,0.4166666666666667,0.0,0.0,0
FLEXFLIGHT,3,3.0,1.0,0.0,0.0,0
FLEXJET,309,24.0,0.0776699029126213,0.0,0.0,0
FLIGHT CALIBRATION SERVICES,13,7.0,0.5384615384615384,0.0,0.0,0
FLIGHT FAST TRACK,10,3.0,0.3,0.0,0.0,0
FLIGHT OPTIONS,5,3.0,0.6,0.0,0.0,0
FLIGHT TRAINING EUROPE,29,3.0,0.1034482758620689,0.0,0.0,0
FLIGHTLINE,6,2.0,0.3333333333333333,0.0,0.0,0
FLIGHTLINK,4,2.0,0.5,0.0,0.0,0
FLIGHTPATH CHARTER AIRWAYS,13,12.0,0.9230769230769232,0.0,0.0,0
FLIGHTSTAR,1,1.0,1.0,0.0,0.0,0
FLIGHTWORKS,2,2.0,1.0,0.0,0.0,0
FLORIDA AIR CARGO,5,4.0,0.8,0.0,0.0,0
FLORIDA FLYERS FLIGHT ACADEMY,13,4.0,0.3076923076923077,0.0,0.0,0
FLORIDA TECH COLLEGE OF AERONAUTICS,47,8.0,0.1702127659574468,0.0,0.0,0
FLTPLAN,16,13.0,0.8125,0.0,0.0,0
FLY 7,20,4.0,0.2,0.0,0.0,0
FLY ACROSS,16,8.0,0.5,0.0,0.0,0
FLY ALLIANCE,15,5.0,0.3333333333333333,0.0,0.0,0
FLY ALLWAYS,3,1.0,0.3333333333333333,0.0,0.0,0
FLY ALS,4,2.0,0.5,0.0,0.0,0
FLY ANGOLA,1,1.0,1.0,0.0,0.0,0
FLY AWAY,2,1.0,0.5,0.0,0.0,0
FLY BAGHDAD,7,7.0,1.0,0.0,0.0,0
FLY CHAM,4,4.0,1.0,0.0,0.0,0
FLY JET.KZ,6,4.0,0.6666666666666666,0.0,0.0,0
FLY JINNAH,6,1.0,0.1666666666666666,0.0,0.0,0
FLY KHIVA,3,3.0,1.0,0.0,0.0,0
FLY OYA,3,3.0,1.0,0.0,0.0,0
FLY PRO,3,3.0,1.0,0.0,0.0,0
FLY SKY AIRLINES,4,1.0,0.25,0.0,0.0,0
FLY TYROL,6,4.0,0.6666666666666666,0.0,0.0,0
FLY US,1,1.0,1.0,0.0,0.0,0
FLY VAAYU,2,1.0,0.5,0.0,0.0,0
FLY-COOP AIR SERVICE,14,11.0,0.7857142857142857,0.0,0.0,0
FLY2SKY,11,4.0,0.3636363636363636,0.0,0.0,0
FLY4 AIRLINES,4,1.0,0.25,0.0,0.0,0
FLY540,3,3.0,1.0,0.0,0.0,0
FLY91,3,1.0,0.3333333333333333,0.0,0.0,0
FLYADEAL,45,6.0,0.1333333333333333,0.008888889,0.6222222222222222,1
FLYARYSTAN,27,2.0,0.074074074074074,0.014814815,0.4444444444444444,1
FLYBIG,4,1.0,0.25,0.0,0.0,0
FLYBONDI,14,5.0,0.3571428571428571,0.0,0.0,0
FLYBY,21,5.0,0.238095238095238,0.0,0.0,0
FLYCOM AVIATION,1,1.0,1.0,0.0,0.0,0
FLYDUBAI,91,3.0,0.0329670329670329,0.008791209,0.6923076923076923,1
FLYERBIL AIRLINE,1,0.0,0.0,0.0,0.0,0
FLYEXCLUSIVE,115,13.0,0.1130434782608695,0.0,0.0,0
FLYGTA AIRLINES,4,4.0,1.0,0.0,0.0,0
FLYLILI,3,2.0,0.6666666666666666,0.0,0.0,0
FLYME,2,2.0,1.0,0.0,0.0,0
FLYMONTSERRAT,2,2.0,1.0,0.0,0.0,0
FLYNAMIBIA,6,5.0,0.8333333333333334,0.0,0.0,0
FLYNAS,68,4.0,0.0588235294117647,0.011764706,0.8970588235294118,1
FLYONE,16,7.0,0.4375,0.025,0.0625,0
FLYSAFAIR,38,18.0,0.4736842105263157,0.0,0.0,0
FLYSCHOOL,15,8.0,0.5333333333333333,0.0,0.0,0
FLYWALES,5,4.0,0.8,0.0,0.0,0
FLYYO,3,1.0,0.3333333333333333,0.0,0.0,0
FORT AERO,1,1.0,1.0,0.0,0.0,0
FOUR CORNERS AVIATION,5,3.0,0.6,0.0,0.0,0
FOX AVIATION,3,3.0,1.0,0.0,0.0,0
FRANCE - AIR FORCE,29,8.0,0.2758620689655172,0.0,0.0,0
FRANCE - AIR FORCES COMMAND,6,4.0,0.6666666666666666,0.0,0.0,0
FRANCE - ARMY,1,1.0,1.0,0.0,0.0,0
FRANCE - NAVY,10,3.0,0.3,0.0,0.0,0
FRANCE - SECURITE CIVILE,13,4.0,0.3076923076923077,0.0,0.0,0
FRANCONIA AIR SERVICE,1,1.0,1.0,0.0,0.0,0
FREEBIRD AIRLINES,17,2.0,0.1176470588235294,0.0,0.0,0
FREEDOM AIR,1,1.0,1.0,0.0,0.0,0
FREEDOM AIRLINE EXPRESS,6,5.0,0.8333333333333334,0.0,0.0,0
FREIGHT RUNNERS EXPRESS,15,5.0,0.3333333333333333,0.0,0.0,0
FRENCH BEE,6,2.0,0.3333333333333333,0.133333333,1.0,1
FRONTIER AIRLINES,164,4.0,0.024390243902439,0.002439024,0.8353658536585366,1
FROST,4,1.0,0.25,0.0,0.0,0
FSH AVIATION,3,2.0,0.6666666666666666,0.0,0.0,0
FTL AIRLINES,1,1.0,1.0,0.0,0.0,0
FUJI DREAM AIRLINES,16,3.0,0.1875,0.0,0.0,0
FUZHOU AIRLINES,16,7.0,0.4375,0.025,0.125,0
GAINJET,5,3.0,0.6,0.0,0.0,0
GALISTAIR INFINITE AVIATION,2,2.0,1.0,0.0,0.0,0
GAMA AVIATION,16,13.0,0.8125,0.0,0.0,0
GARMIN,8,8.0,1.0,0.0,0.0,0
GARUDA INDONESIA,74,12.0,0.1621621621621621,0.0,0.0675675675675675,0
GAZPROMAVIA,39,16.0,0.4102564102564102,0.0,0.0,0
GELIX AIRLINES,4,1.0,0.25,0.0,0.0,0
GENERAL ATOMIC AEROTECH SYSTEMS,2,2.0,1.0,0.0,0.0,0
GENEX,2,1.0,0.5,0.0,0.0,0
GENGHIS KHAN AIRLINES,7,1.0,0.1428571428571428,0.0,0.0,0
GEORGIAN AIRLINES,5,5.0,1.0,0.0,0.0,0
GEORGIAN AIRWAYS,10,10.0,1.0,0.0,0.0,0
GEORGIAN AVIATION UNIVERSITY,1,1.0,1.0,0.0,0.0,0
GEOSKY,5,5.0,1.0,0.0,0.0,0
GERMAN AIRWAYS,9,4.0,0.4444444444444444,0.0,0.0,0
GERMANY - AIR AMBULANCE,68,3.0,0.0441176470588235,0.0,0.0,0
GERMANY - AIR FORCE,87,18.0,0.2068965517241379,0.004597701,0.057471264367816,0
GERMANY - ARMY,34,7.0,0.2058823529411764,0.0,0.0,0
GERMANY - DLR FLUGBETRIEBE,10,10.0,1.0,0.0,0.0,0
GERMANY - NAVY,11,2.0,0.1818181818181818,0.0,0.0,0
GESELLSCHAFT FUR FLUGZIELDARSTELLUNG,16,3.0,0.1875,0.0,0.0,0
GESTAIR,20,14.0,0.7,0.0,0.0,0
GETJET AIRLINES,16,8.0,0.5,0.0,0.0,0
GHADAMES AIR TRANSPORT,1,1.0,1.0,0.0,0.0,0
GLENCORE CANADA,2,2.0,1.0,0.0,0.0,0
GLOBAL AIR CHARTERS,2,2.0,1.0,0.0,0.0,0
GLOBAL AIR TRANSPORT,3,1.0,0.3333333333333333,0.0,0.0,0
GLOBAL AVIATION,8,6.0,0.75,0.0,0.0,0
GLOBAL JET LUXEMBOURG,15,12.0,0.8,0.0,0.0,0
GLOBAL REACH AVIATION,2,2.0,1.0,0.0,0.0,0
GLOBALX,8,5.0,0.625,0.0,0.0,0
GLOBEAIR,20,1.0,0.05,0.0,0.0,0
GLOCK AVIATION,1,1.0,1.0,0.0,0.0,0
GO2SKY,3,2.0,0.6666666666666666,0.0,0.0,0
GOL LINHAS AEREAS,125,9.0,0.072,0.0032,0.456,1
GOLDECK-FLUG,2,2.0,1.0,0.0,0.0,0
GOODJET,4,4.0,1.0,0.0,0.0,0
GOUVERNEMENT DU QUEBEC,19,8.0,0.4210526315789473,0.0,0.0,0
GP AVIATION,3,3.0,1.0,0.0,0.0,0
GRAFAIR,3,2.0,0.6666666666666666,0.0,0.0,0
GRAND CANYON AIRLINES,10,2.0,0.2,0.0,0.0,0
GRAND CHINA AIR,3,1.0,0.3333333333333333,0.0,0.0,0
GRANT AVIATION,14,8.0,0.5714285714285714,0.0,0.0,0
GREATER BAY AIRLINES,7,3.0,0.4285714285714285,0.0,0.0,0
GREECE - AIR FORCE,49,17.0,0.3469387755102041,0.0,0.0,0
GREECE - ARMY,1,1.0,1.0,0.0,0.0,0
GREEN AFRICA,3,2.0,0.6666666666666666,0.0,0.0,0
GREYBIRD AVIATION,11,3.0,0.2727272727272727,0.0,0.0,0
GRYPHON AIR,1,1.0,1.0,0.0,0.0,0
GTA AIR,17,7.0,0.4117647058823529,0.0,0.0,0
GUARDIAN AIR,3,3.0,1.0,0.0,0.0,0
GULF AIR,43,6.0,0.1395348837209302,0.018604651,0.7209302325581395,1
GULF WINGS,3,2.0,0.6666666666666666,0.0,0.0,0
GULFSTREAM AEROSPACE,336,8.0,0.0238095238095238,0.0,0.0,0
GULLIVAIR,2,2.0,1.0,0.0,0.0,0
GUM AIR,9,7.0,0.7777777777777778,0.0,0.0,0
GUNA AIRLINES,7,3.0,0.4285714285714285,0.0,0.0,0
GX AIRLINES,21,4.0,0.1904761904761904,0.019047619,0.2857142857142857,1
HAHN AIR,2,2.0,1.0,0.0,0.0,0
HAI AU AVIATION,5,3.0,0.6,0.0,0.0,0
HAINAN AIRLINES,224,15.0,0.0669642857142857,0.007142857,0.2901785714285715,1
HAINAN LILY JET,1,1.0,1.0,0.0,0.0,0
HALA AIR,1,1.0,1.0,0.0,0.0,0
HALI-UNION,7,0.0,0.0,0.0,0.0,0
HANSEO UNIVERSITY FLIGHT EDUCATION CENTER,9,2.0,0.2222222222222222,0.0,0.0,0
HARCO AVIATION,5,4.0,0.8,0.0,0.0,0
HARMONY JETS,4,4.0,1.0,0.0,0.0,0
HAUTE AVIATION,1,1.0,1.0,0.0,0.0,0
HAWAIIAN AIRLINES,65,7.0,0.1076923076923077,0.012307692,0.3384615384615385,1
HAYWAYS,1,1.0,1.0,0.0,0.0,0
HEBEI AIRLINES,28,3.0,0.1071428571428571,0.0,0.0,0
HELI AIR MONACO,1,1.0,1.0,0.0,0.0,0
HELI AIR SERVICES,4,3.0,0.75,0.0,0.0,0
HELI HOLLAND,16,10.0,0.625,0.0,0.0,0
HELI SECURITE,2,1.0,0.5,0.0,0.0,0
HELI SERVICE INTERNATIONAL,10,2.0,0.2,0.0,0.0,0
HELI-TEAM,6,2.0,0.3333333333333333,0.0,0.0,0
HELIBRAVO,2,1.0,0.5,0.0,0.0,0
HELICOL,6,2.0,0.3333333333333333,0.0,0.0,0
HELIDUBAI,5,1.0,0.2,0.0,0.0,0
HELIJET INTERNATIONAL,14,6.0,0.4285714285714285,0.0,0.0,0
HELISERVICIO,9,4.0,0.4444444444444444,0.0,0.0,0
HELISTAR,24,14.0,0.5833333333333334,0.0,0.0,0
HELITRANS,25,5.0,0.2,0.0,0.0,0
HELITY COPTER AIRLINES,4,1.0,0.25,0.0,0.0,0
HELLOJETS,8,7.0,0.875,0.0,0.0,0
HELSINKI CITYCOPTER,3,2.0,0.6666666666666666,0.0,0.0,0
HELVETIC AIRWAYS,22,4.0,0.1818181818181818,0.0,0.5454545454545454,1
HERA FLIGHT,15,7.0,0.4666666666666667,0.0,0.0,0
HERON AVIATION,8,6.0,0.75,0.0,0.0,0
HESTON AIRLINES,10,4.0,0.4,0.0,0.0,0
HI FLY,13,8.0,0.6153846153846154,0.0,0.0,0
HIMALAYA AIRLINES,4,2.0,0.5,0.0,0.0,0
HINTERLAND AVIATION,16,5.0,0.3125,0.0,0.0,0
HISKY,8,4.0,0.5,0.0,0.25,0
HK EXPRESS,41,4.0,0.0975609756097561,0.009756098,0.5365853658536586,1
HOKKAIDO AIR SYSTEM,4,1.0,0.25,0.0,0.0,0
HONEYWELL INTERNATIONAL,2,2.0,1.0,0.0,0.0,0
HONG KONG AIR CARGO,5,1.0,0.2,0.0,0.0,0
HONG KONG AIRLINES,28,4.0,0.1428571428571428,0.0,0.0,0
HOP-A-JET,7,3.0,0.4285714285714285,0.0,0.0,0
HOPER,5,4.0,0.8,0.0,0.0,0
HOVERFLY,3,2.0,0.6666666666666666,0.0,0.0,0
HTM HELICOPTER TRAVEL MUNICH,15,3.0,0.2,0.0,0.0,0
HUBEI SKY-BLUE INTERNATIONAL AVIATION ACADEMY,3,1.0,0.3333333333333333,0.0,0.0,0
HUMMINGBIRD AVIATION,3,3.0,1.0,0.0,0.0,0
HUNGARY - AIR FORCE,7,3.0,0.4285714285714285,0.0,0.0,0
HUNGARY AIRLINES,1,1.0,1.0,0.0,0.0,0
HUNNU AIR,6,5.0,0.8333333333333334,0.0,0.1666666666666667,0
HYDRO-QUABEC,4,0.0,0.0,0.0,0.0,0
HYPERION AVIATION,7,6.0,0.8571428571428571,0.0,0.0,0
I-FLY,6,3.0,0.5,0.0,0.0,0
I-FLY AIR,3,2.0,0.6666666666666666,0.0,0.0,0
IAS MEDICAL,7,3.0,0.4285714285714285,0.0,0.0,0
IASCO FLIGHT TRAINING,24,2.0,0.0833333333333333,0.0,0.0,0
IBC AIRWAYS,15,4.0,0.2666666666666666,0.0,0.0,0
IBERIA,137,16.0,0.1167883211678832,0.008759124,0.3211678832116788,1
IBERIA EXPRESS,29,4.0,0.1379310344827586,0.0,0.4137931034482759,1
IBEROJET,8,4.0,0.5,0.05,0.5,1
IBEX AIRLINES,9,1.0,0.1111111111111111,0.0,0.0,0
IBOM AIR,7,2.0,0.2857142857142857,0.085714286,0.2857142857142857,1
ICAR AIR,1,1.0,1.0,0.0,0.0,0
ICELANDAIR,46,11.0,0.2391304347826087,0.017391304,0.5434782608695652,1
ICS-AERO,2,2.0,1.0,0.0,0.0,0
IFA - INSTITUTO DE FORMACAO AERONAUTICA,16,10.0,0.625,0.0,0.0,0
IFL GROUP,22,7.0,0.3181818181818182,0.0,0.0,0
IKAR,8,3.0,0.375,0.0,0.0,0
IMAGE AIR CHARTER,1,1.0,1.0,0.0,0.0,0
IMPERIALJET,1,1.0,1.0,0.0,0.0,0
INDIA - AIR FORCE,273,36.0,0.1318681318681318,0.0,0.0,1
INDIANA STATE UNIVERSITY FLIGHT ACADEMY,14,4.0,0.2857142857142857,0.0,0.0,0
INDIAONE AIR,2,1.0,0.5,0.0,0.0,0
INDIGO,408,12.0,0.0294117647058823,0.002941176,0.803921568627451,1
INITIUM AVIATION,4,4.0,1.0,0.0,0.0,0
INNER MONGOLIA NORTHERN EXPRESS,1,1.0,1.0,0.0,0.0,0
INTEL AIR SHUTTLE,2,1.0,0.5,0.0,0.0,0
INTERCARIBBEAN AIRWAYS,21,10.0,0.4761904761904761,0.0,0.0,0
INTERJET WEST,1,1.0,1.0,0.0,0.0,0
INTERNATIONAL COMMITTEE OF THE RED CROSS,1,1.0,1.0,0.0,0.0,0
INTERNATIONAL JET,6,4.0,0.6666666666666666,0.0,0.0,0
INTERNATIONAL JET MANAGEMENT,11,11.0,1.0,0.0,0.0,0
IRAERO,9,4.0,0.4444444444444444,0.0,0.0,0
IRAN AIR,32,10.0,0.3125,0.0,0.0,0
IRAN AIRTOUR,17,8.0,0.4705882352941176,0.0,0.0,0
IRAN ASEMAN AIRLINES,16,6.0,0.375,0.0,0.0,0
IRAQ GATE COMPANY,5,3.0,0.6,0.0,0.0,0
IRAQI AIRWAYS,28,9.0,0.3214285714285714,0.05,0.4642857142857143,1
ISLAND AVIATION,2,1.0,0.5,0.0,0.0,0
ISLAND WINGS CHARTER,2,2.0,1.0,0.0,0.0,0
ITA AIRWAYS,102,11.0,0.1078431372549019,0.023529412,0.6666666666666666,1
ITALFLY,11,8.0,0.7272727272727273,0.0,0.0,0
ITALY - AIR FORCE,201,40.0,0.1990049751243781,0.0,0.0,1
ITALY - ARMY,37,7.0,0.1891891891891892,0.0,0.0,0
ITALY - COAST GUARD,20,4.0,0.2,0.0,0.0,0
ITALY - NAVY,36,5.0,0.1388888888888889,0.0,0.0,0
IXAIR,4,3.0,0.75,0.0,0.0,0
IZHAVIA,7,4.0,0.5714285714285714,0.0,0.0,0
J D AVIATION,2,2.0,1.0,0.0,0.0,0
JAMBOJET,9,1.0,0.1111111111111111,0.0,0.0,0
JAPAN AIR COMMUTER,11,2.0,0.1818181818181818,0.0,0.0,0
JAPAN AIRLINES,151,8.0,0.0529801324503311,0.010596026,0.4635761589403973,1
JAPAN TRANSOCEAN AIR,19,3.0,0.1578947368421052,0.0,0.0,0
JAYAWIJAYA DIRGANTARA,1,1.0,1.0,0.0,0.0,0
JAZEERA AIRWAYS,23,2.0,0.0869565217391304,0.017391304,0.4782608695652174,1
JDL AIRLINES,10,4.0,0.4,0.0,0.0,0
JEJU AIR,43,15.0,0.3488372093023256,0.009302326,0.1162790697674419,0
JET ACCESS,3,2.0,0.6666666666666666,0.0,0.0,0
JET AIR GROUP,3,3.0,1.0,0.0,0.0,0
JET AVIATION BUSINESS JETS,6,5.0,0.8333333333333334,0.0,0.0,0
JET AVIATION BUSINESS JETS DEUTSCHLAND,1,1.0,1.0,0.0,0.0,0
JET AVIATION FLIGHT SERVICES,4,4.0,1.0,0.0,0.0,0
JET CONCIERGE CLUB,1,1.0,1.0,0.0,0.0,0
JET EDGE,6,4.0,0.6666666666666666,0.0,0.0,0
JET EXECUTIVE,4,2.0,0.5,0.0,0.0,0
JET FLY AIRLINE,3,2.0,0.6666666666666666,0.0,0.0,0
JET IT,8,3.0,0.375,0.0,0.0,0
JET LINX AVIATION,133,42.0,0.3157894736842105,0.0,0.0,0
JET LOGISTICS,5,4.0,0.8,0.0,0.0,0
JET NET SERVICES,2,2.0,1.0,0.0,0.0,0
JET OUT,9,3.0,0.3333333333333333,0.0,0.0,0
JET RESCUE AIR AMBULANCE,4,3.0,0.75,0.0,0.0,0
JET STORY,10,9.0,0.9,0.0,0.0,0
JET-A,1,1.0,1.0,0.0,0.0,0
JET2,131,30.0,0.2290076335877862,0.0,0.1374045801526718,1
JETBEE,4,2.0,0.5,0.0,0.0,0
JETBLUE,295,7.0,0.023728813559322,0.002033898,0.2915254237288136,1
JETCALL,1,1.0,1.0,0.0,0.0,0
JETFLY AVIATION,43,4.0,0.0930232558139534,0.0,0.0,0
JETICA,7,5.0,0.7142857142857143,0.0,0.0,0
JETKONTOR,3,3.0,1.0,0.0,0.0,0
JETNETHERLANDS,10,9.0,0.9,0.0,0.0,0
JETNEXA,1,1.0,1.0,0.0,0.0,0
JETOLOGY,2,2.0,1.0,0.0,0.0,0
JETRIGHT,10,5.0,0.5,0.0,0.0,0
JETSET,3,3.0,1.0,0.0,0.0,0
JETSMART,49,3.0,0.0612244897959183,0.008163265,0.7755102040816326,1
JETSTAR,125,5.0,0.04,0.0064,0.312,1
JETSTREAM,9,4.0,0.4444444444444444,0.0,0.0,0
JETSTREAM AVIATION CONGO,1,1.0,1.0,0.0,0.0,0
JETTIME,14,10.0,0.7142857142857143,0.0,0.0,0
JETWAYS AIRLINES,4,3.0,0.75,0.0,0.0,0
JHONLIN AIR TRANSPORT,4,4.0,1.0,0.0,0.0,0
JIANGSU JET,1,1.0,1.0,0.0,0.0,0
JIANGXI AIR,18,3.0,0.1666666666666666,0.0,0.0,0
JIANGXI EXPRESS AVIATION,11,1.0,0.0909090909090909,0.0,0.0,0
JIN AIR,31,7.0,0.2258064516129032,0.012903226,0.1612903225806452,0
JINXIANG AIRLINES,3,2.0,0.6666666666666666,0.0,0.0,0
JIVAIR,2,2.0,1.0,0.0,0.0,0
JOINJET,6,4.0,0.6666666666666666,0.0,0.0,0
JONAIR,6,4.0,0.6666666666666666,0.0,0.0,0
JONIKA,2,2.0,1.0,0.0,0.0,0
JORDAN - AIR FORCE,31,8.0,0.2580645161290322,0.0,0.0,0
JORDAN AVIATION,7,5.0,0.7142857142857143,0.0,0.0,0
JOURNEY AVIATION,8,5.0,0.625,0.0,0.0,0
JS AVIATION,2,2.0,1.0,0.0,0.0,0
JSX,72,4.0,0.0555555555555555,0.0,0.0,0
JUMP AIR,2,1.0,0.5,0.0,0.0,0
JUNEYAO AIR,103,6.0,0.058252427184466,0.00776699,0.4466019417475728,1
JUNG SKY,3,1.0,0.3333333333333333,0.0,0.0,0
K&R AVIATION,9,4.0,0.4444444444444444,0.0,0.0,0
K-MILE AIR,7,5.0,0.7142857142857143,0.0,0.0,0
KAISERAIR,3,3.0,1.0,0.0,0.0,0
KALITTA AIR,31,10.0,0.3225806451612903,0.0,0.0,0
KALITTA CHARTERS,29,10.0,0.3448275862068966,0.0,0.0,0
KALITTA CHARTERS II,12,9.0,0.75,0.0,0.0,0
KAM AIR,11,4.0,0.3636363636363636,0.0,0.0,0
KAMAKA AIR,10,6.0,0.6,0.0,0.0,0
KANGALA AIR EXPRESS,1,1.0,1.0,0.0,0.0,0
KANSAS STATE UNIVERSITY AVIATION,32,8.0,0.25,0.0,0.0,0
KARUN AIRLINES,13,5.0,0.3846153846153846,0.0,0.0,0
KAZ AIR JET,7,6.0,0.8571428571428571,0.0,0.0,0
KEEWATIN AIR,3,2.0,0.6666666666666666,0.0,0.0,0
KENAI AVIATION,2,1.0,0.5,0.0,0.0,0
KENMORE AIR,34,9.0,0.2647058823529412,0.0,0.0,0
KENN BOREK AIR,35,8.0,0.2285714285714285,0.0,0.0,0
KENT STATE UNIVERSITY COLLEGE OF AERONAUTICS,37,8.0,0.2162162162162162,0.0,0.0,0
KENYA AIRWAYS,35,9.0,0.2571428571428571,0.011428571,0.2571428571428571,1
KEY LIME AIR,24,8.0,0.3333333333333333,0.0,0.0,0
KF AEROSPACE,6,4.0,0.6666666666666666,0.0,0.0,0
KHABAVIA,4,2.0,0.5,0.0,0.0,0
KISH AIR,11,4.0,0.3636363636363636,0.0,0.0,0
KLASJET,13,10.0,0.7692307692307693,0.0,0.0,0
KLM,193,18.0,0.0932642487046632,0.004145078,0.2953367875647668,1
KM MALTA AIRLINES,8,1.0,0.125,0.05,1.0,1
KN HELICOPTERS,9,4.0,0.4444444444444444,0.0,0.0,0
KOLOB CANYONS AIR SERVICES,4,1.0,0.25,0.0,0.0,0
KOREA AEROSPACE UNIVERSITY,19,3.0,0.1578947368421052,0.0,0.0,0
KOREA AVIATION COLLEGE,8,3.0,0.375,0.0,0.0,0
KOREA NATIONAL UNIVERSITY OF TRANSPORTATION,5,1.0,0.2,0.0,0.0,0
KOREAN AIR,161,26.0,0.1614906832298136,0.016149068,0.3664596273291926,1
KRASAVIA,19,6.0,0.3157894736842105,0.0,0.0,0
KUDLIK AVIATION,3,1.0,0.3333333333333333,0.0,0.0,0
KUNMING AIRLINES,31,6.0,0.1935483870967742,0.012903226,0.064516129032258,0
KUSH AVIATION,3,2.0,0.6666666666666666,0.0,0.0,0
KUWAIT AIRWAYS,31,6.0,0.1935483870967742,0.012903226,0.5483870967741935,1
KYUNGWOON UNIVERSITY,8,3.0,0.375,0.0,0.0,0
L.J. AVIATION,14,10.0,0.7142857142857143,0.0,0.0,0
L3HARRIS AIRLINE ACADEMY,110,8.0,0.0727272727272727,0.0,0.0,0
LA COMPAGNIE,2,1.0,0.5,0.0,1.0,1
LA COSTENA,4,1.0,0.25,0.0,0.0,0
LABCORP,13,3.0,0.2307692307692307,0.0,0.0,0
LAM,3,1.0,0.3333333333333333,0.0,0.0,0
LANEXANG,2,1.0,0.5,0.0,0.0,0
LANEXANG AIRWAYS INTERNATIONAL,2,1.0,0.5,0.0,0.0,0
LAO AIRLINES,12,4.0,0.3333333333333333,0.0,0.0,0
LAO SKYWAY,4,3.0,0.75,0.0,0.0,0
LAS CARGO,4,4.0,1.0,0.0,0.0,0
LASER AIRLINES,8,3.0,0.375,0.0,0.0,0
LATAM AIRLINES,330,14.0,0.0424242424242424,0.004848485,0.2666666666666667,1
LATAM CARGO,19,3.0,0.1578947368421052,0.0,0.0,0
LATITUDE AIR AMBULANCE,4,2.0,0.5,0.0,0.0,0
LATVIA - AIR FORCE,3,3.0,1.0,0.0,0.0,0
LAUDA EUROPE,26,3.0,0.1153846153846153,0.0,0.0,0
LEAV AVIATION,2,1.0,0.5,0.0,0.0,0
LEGACY AIRWAYS,1,1.0,1.0,0.0,0.0,0
LEGEND AIRLINES,3,1.0,0.3333333333333333,0.0,0.0,0
LEGENDS AIRWAYS,7,3.0,0.4285714285714285,0.0,0.0,0
LETOURNEAU UNIVERSITY AVIATION,22,7.0,0.3181818181818182,0.0,0.0,0
LEVEL,7,2.0,0.2857142857142857,0.0,0.0,0
LEVIATE AIR GROUP,7,4.0,0.5714285714285714,0.0,0.0,0
LIAT 20,4,3.0,0.75,0.0,0.0,0
LIBERTY JET MANAGEMENT,1,1.0,1.0,0.0,0.0,0
LIBYA - AIR FORCE,1,1.0,1.0,0.0,0.0,0
LIBYAN AIRLINES,5,3.0,0.6,0.0,0.0,0
LIBYAN EXPRESS,4,4.0,1.0,0.0,0.0,0
LIBYAN WINGS,4,1.0,0.25,0.0,0.0,0
LIEBHERR AEROSPACE,6,4.0,0.6666666666666666,0.0,0.0,0
LIFE LINE AVIATION,4,3.0,0.75,0.0,0.0,0
LIFEFLIGHT AUSTRALIA,21,5.0,0.238095238095238,0.0,0.0,0
LIFT,1,0.0,0.0,0.0,0.0,0
LIFT ACADEMY,80,4.0,0.05,0.0,0.0,0
LION AIR,83,7.0,0.0843373493975903,0.004819277,0.1325301204819277,0
LIPICAN AER,3,2.0,0.6666666666666666,0.0,0.0,0
LIZ AVIATION,1,1.0,1.0,0.0,0.0,0
LOGANAIR,42,11.0,0.2619047619047619,0.0,0.0,0
LONE STAR COMMUNICATIONS,1,1.0,1.0,0.0,0.0,0
LONGJIANG AIRLINES,9,3.0,0.3333333333333333,0.0,0.0,0
LONGTAIL AVIATION,2,2.0,1.0,0.0,0.0,0
LOONG AIR,74,5.0,0.0675675675675675,0.005405405,0.6081081081081081,1
LOT,84,14.0,0.1666666666666666,0.014285714,0.4285714285714285,1
LUCKY AIR,53,14.0,0.2641509433962264,0.01509434,0.2075471698113208,1
LUFTHANSA,308,17.0,0.0551948051948051,0.003896104,0.2727272727272727,1
LUFTHANSA CARGO,16,4.0,0.25,0.0,0.0,0
LUFTHANSA CITY,11,2.0,0.1818181818181818,0.036363636,0.6363636363636364,1
LUFTTRANSPORT,6,4.0,0.6666666666666666,0.0,0.0,0
LUKOIL-AVIA,5,4.0,0.8,0.0,0.0,0
LUMINAIR,3,2.0,0.6666666666666666,0.0,0.0,0
LUMIWINGS,2,2.0,1.0,0.0,0.0,0
LUNDS UNIVERSITY SCHOOL OF AVIATION,9,3.0,0.3333333333333333,0.0,0.0,0
LUXAIR,21,6.0,0.2857142857142857,0.019047619,0.0952380952380952,0
LUXAVIATION,41,26.0,0.6341463414634146,0.0,0.0,0
LUXEMBOURG AIR AMBULANCE,7,3.0,0.4285714285714285,0.0,0.0,0
LUXWING,15,9.0,0.6,0.0,0.0,0
LYDD AIR,1,1.0,1.0,0.0,0.0,0
LYNDEN AIR CARGO,13,5.0,0.3846153846153846,0.0,0.0,0
MACK AIR,22,3.0,0.1363636363636363,0.0,0.0,0
MADAGASCAR AIRLINES,5,2.0,0.4,0.0,0.0,0
MAE AIRCRAFT MANAGEMENT,1,1.0,1.0,0.0,0.0,0
MAERSK AIR CARGO,22,9.0,0.4090909090909091,0.0,0.0,0
MAGNICHARTERS,6,2.0,0.3333333333333333,0.0,0.0,0
MAHAN AIR,35,13.0,0.3714285714285714,0.0,0.0,0
MAK KG AIRLINES,4,4.0,1.0,0.0,0.0,0
MAKERS AIR,8,2.0,0.25,0.0,0.0,0
MALAWI AIRLINES,3,3.0,1.0,0.0,0.0,0
MALAYSIA - AIR FORCE,14,6.0,0.4285714285714285,0.0,0.0,0
MALAYSIA AIRLINES,88,8.0,0.0909090909090909,0.009090909,0.2613636363636364,1
MALDIVIAN,22,7.0,0.3181818181818182,0.0,0.0,0
MALETH-AERO,4,3.0,0.75,0.0,0.0,0
MALI AIR,5,4.0,0.8,0.0,0.0,0
MALTA AIR,6,1.0,0.1666666666666666,0.066666667,1.0,1
MALTA MEDAIR,1,1.0,1.0,0.0,0.0,0
MANASIK AVIATION,2,1.0,0.5,0.0,0.0,0
MANDARIN AIRLINES,13,2.0,0.1538461538461538,0.0,0.0,0
MANGO,1,1.0,1.0,0.0,0.0,0
MANN YADANARPON AIRLINES,3,1.0,0.3333333333333333,0.0,0.0,0
MANTA AIR,23,5.0,0.217391304347826,0.0,0.0,0
MAP LINHAS AEREAS,1,1.0,1.0,0.0,0.0,0
MARABU,10,2.0,0.2,0.04,0.8,1
MARATHON AIRLINES,2,2.0,1.0,0.0,0.0,0
MARSHALL UNIVERSITY AVIATION,12,3.0,0.25,0.0,0.0,0
MARTINAIR,1,1.0,1.0,0.0,0.0,0
MARTINAIRE,25,2.0,0.08,0.0,0.0,0
MARTINATMS FAMOUS PASTRY SHOPPE,4,0.0,0.0,0.0,0.0,0
MAS,4,2.0,0.5,0.0,0.0,0
MASSEY UNIVERSITY SCHOOL OF AVIATION,14,2.0,0.1428571428571428,0.0,0.0,0
MASWINGS,14,2.0,0.1428571428571428,0.0,0.0,0
MAURITANIA AIRLINES,5,4.0,0.8,0.08,0.2,1
MAVI GAK AIRLINES,13,0.0,0.0,0.0,0.0,0
MAX AIR,11,11.0,1.0,0.0,0.0,0
MAX AVIATION,13,5.0,0.3846153846153846,0.0,0.0,0
MAXAIR,9,4.0,0.4444444444444444,0.0,0.0,0
MAXIMUS AIRLINES,1,1.0,1.0,0.0,0.0,0
MAYA ISLAND AIR,7,2.0,0.2857142857142857,0.0,0.0,0
MCDAN AVIATION,2,2.0,1.0,0.0,0.0,0
MCNEELY CHARTER SERVICES,5,3.0,0.6,0.0,0.0,0
MEA,23,5.0,0.217391304347826,0.0,0.4347826086956522,1
MED-TRANS,13,3.0,0.2307692307692307,0.0,0.0,0
MEDAVIA,3,2.0,0.6666666666666666,0.0,0.0,0
MEDSKY AIRWAYS,2,1.0,0.5,0.0,0.0,0
MEMORIAL HERMANN LIFE FLIGHT,8,1.0,0.125,0.0,0.0,0
MERAJ AIRLINES,8,6.0,0.75,0.0,0.0,0
MEREGRASS,5,2.0,0.4,0.0,0.0,0
MERIDIAN,3,2.0,0.6666666666666666,0.0,0.0,0
MERIDIAN AIR COMPANY,5,3.0,0.6,0.0,0.0,0
MERMOZ-ACADEMY,4,2.0,0.5,0.0,0.0,0
MESA AIRLINES,6,2.0,0.3333333333333333,0.0,0.0,0
MEXICANA,8,5.0,0.625,0.0,0.125,0
MEXICO - AIR FORCE,91,24.0,0.2637362637362637,0.004395604,0.0109890109890109,0
MEXICO - NAVY,50,17.0,0.34,0.0,0.0,0
MHS AVIATION,6,5.0,0.8333333333333334,0.0,0.0,0
MIAT MONGOLIAN AIRLINES,10,9.0,0.9,0.08,0.3,1
MIDAMERICA JET,5,4.0,0.8,0.0,0.0,0
MIDDLE GEORGIA STATE UNIVERSITY SCHOOL OF AVIATION,62,10.0,0.1612903225806451,0.0,0.0,0
MIDDLE TENNESSEE STATE UNIVERSITY AEROSPACE,56,12.0,0.2142857142857142,0.0,0.0,0
MIDWEST AVIATION,10,3.0,0.3,0.0,0.0,0
MIDWEST AVIATION DIVISION,7,4.0,0.5714285714285714,0.0,0.0,0
MILLESIME AVIATION,2,2.0,1.0,0.0,0.0,0
MINGALAR,4,1.0,0.25,0.0,0.0,0
MJETS AIR,6,5.0,0.8333333333333334,0.0,0.0,0
MNG AIRLINES,12,6.0,0.5,0.0,0.0,0
MOAAMBIQUE EXPRESSO,4,0.0,0.0,0.0,0.0,0
MOALEM AVIATION,3,1.0,0.3333333333333333,0.0,0.0,0
MODERN LOGISTICS,3,2.0,0.6666666666666666,0.0,0.0,0
MONACAIR,3,2.0,0.6666666666666666,0.0,0.0,0
MONGOLIAN AIRWAYS,2,2.0,1.0,0.0,0.0,0
MOTOR SICH AIRLINES,9,5.0,0.5555555555555556,0.0,0.0,0
MOUNTAIN AVIATION,19,6.0,0.3157894736842105,0.0,0.0,0
MOUNTAIN FLYERS,9,5.0,0.5555555555555556,0.0,0.0,0
MOUNTHILL AVIATION,2,2.0,1.0,0.0,0.0,0
MPC AIR,3,2.0,0.6666666666666666,0.0,0.0,0
MULTIFLIGHT,4,4.0,1.0,0.0,0.0,0
MY FREIGHTER,9,6.0,0.6666666666666666,0.0,0.0,0
MY INDO AIRLINES,10,10.0,1.0,0.0,0.0,0
MY JET,7,7.0,1.0,0.0,0.0,0
MYANMAR AIRWAYS INTERNATIONAL,10,6.0,0.6,0.0,0.0,0
MYANMAR NATIONAL AIRLINES,10,3.0,0.3,0.0,0.0,0
MYWAY AIRLINES,2,2.0,1.0,0.0,0.0,0
NAC CHARTER,1,1.0,1.0,0.0,0.0,0
NALJETS,4,4.0,1.0,0.0,0.0,0
NAM AIR,16,3.0,0.1875,0.0,0.0,0
NAN,75,0.0,0.0,0.0,0.0,0
NANSHAN FLYING,10,4.0,0.4,0.0,0.0,0
NANSHAN JET,2,2.0,1.0,0.0,0.0,0
NATIONAL AIRWAYS CORPORATION,8,6.0,0.75,0.0,0.0,0
NATIONAL JET EXPRESS,20,4.0,0.2,0.0,0.0,0
NATIONAL JETS,1,1.0,1.0,0.0,0.0,0
NATO,26,4.0,0.1538461538461538,0.0,0.0,0
NAURU AIRLINES,7,7.0,1.0,0.0,0.0,0
NEAJETS,7,5.0,0.7142857142857143,0.0,0.0,0
NEOJETS,1,1.0,1.0,0.0,0.0,0
NEOS,18,4.0,0.2222222222222222,0.044444444,0.7777777777777778,1
NEPAL AIRLINES,5,3.0,0.6,0.0,0.0,0
NESMA AIRLINES,8,3.0,0.375,0.0,0.0,0
NETHERLANDS - COAST GUARD,7,4.0,0.5714285714285714,0.0,0.0,0
NETHERLANDS - NAVY,8,1.0,0.125,0.0,0.0,0
NETHERLANDS - ROYAL AIR FORCE,66,12.0,0.1818181818181818,0.0,0.0,0
NETJETS,809,15.0,0.0185414091470951,0.0,0.0,1
NEW ENGLAND AIRLINES,8,4.0,0.5,0.0,0.0,0
NEW PACIFIC AIRLINES,8,2.0,0.25,0.0,0.0,0
NEW WAY CARGO AIRLINES,4,3.0,0.75,0.0,0.0,0
NEW ZEALAND - ROYAL NEW ZEALAND AIR FORCE,42,13.0,0.3095238095238095,0.0,0.0,0
NEXGEN AVIATION,4,3.0,0.75,0.0,0.0,0
NEXTGEN FLIGHT SOLUTIONS,1,1.0,1.0,0.0,0.0,0
NG EAGLE,4,4.0,1.0,0.0,0.0,0
NHC NORTHERN HELICOPTER,15,3.0,0.2,0.0,0.0,0
NIGERIA - AIR FORCE,10,7.0,0.7,0.0,0.0,0
NILE AIR,5,3.0,0.6,0.0,0.0,0
NIPPON CARGO AIRLINES,8,1.0,0.125,0.0,0.0,0
NOK AIR,11,6.0,0.5454545454545454,0.0,0.0,0
NOLINOR AVIATION,11,10.0,0.9090909090909092,0.0,0.0,0
NOMAD AVIATION,1,1.0,1.0,0.0,0.0,0
NOORDZEE HELIKOPTERS VLAANDEREN,19,5.0,0.2631578947368421,0.0,0.0,0
NORDIC UNMANNED,9,3.0,0.3333333333333333,0.0,0.0,0
NORDJET AIRLINES,1,1.0,1.0,0.0,0.0,0
NORDSTAR,9,5.0,0.5555555555555556,0.0,0.0,0
NORDWIND AIRLINES,27,14.0,0.5185185185185185,0.014814815,0.074074074074074,0
NORLANDAIR,7,4.0,0.5714285714285714,0.0,0.0,0
NORSE,11,1.0,0.0909090909090909,0.036363636,1.0,1
NORSK LUFTAMBULANSE,26,3.0,0.1153846153846153,0.0,0.0,0
NORTAVIA,20,8.0,0.4,0.0,0.0,0
NORTH CARIBOO AIR,18,8.0,0.4444444444444444,0.0,0.0,0
NORTH CENTRAL AVIATION,2,2.0,1.0,0.0,0.0,0
NORTH COUNTRY AVIATION,3,3.0,1.0,0.0,0.0,0
NORTH FLYING,8,3.0,0.375,0.0,0.0,0
NORTH STAR AVIATION,48,7.0,0.1458333333333333,0.0,0.0,0
NORTH-WEST AIR COMPANY,16,10.0,0.625,0.025,0.1875,0
NORTH-WESTERN CARGO INTERNATIONAL AIRLINES,4,1.0,0.25,0.0,0.0,0
NORTH-WRIGHT AIRWAYS,18,13.0,0.7222222222222222,0.0,0.0,0
NORTHERN AIR,5,5.0,1.0,0.0,0.0,0
NORTHERN AIR CARGO,9,5.0,0.5555555555555556,0.0,0.0,0
NORTHERN AIR FIJI,2,2.0,1.0,0.0,0.0,0
NORTHERN JET MANAGEMENT,25,13.0,0.52,0.0,0.0,0
NORTHERN THUNDERBIRD AIR,4,3.0,0.75,0.0,0.0,0
NORTHWAY AVIATION,9,3.0,0.3333333333333333,0.0,0.0,0
NORTHWEST FLYERS,3,2.0,0.6666666666666666,0.0,0.0,0
NORTHWESTERN AIR,12,7.0,0.5833333333333334,0.0,0.0,0
NORWAY - AIR FORCE,25,6.0,0.24,0.0,0.0,0
NORWEGIAN,91,9.0,0.0989010989010989,0.004395604,0.3076923076923077,1
NOUVELAIR,15,2.0,0.1333333333333333,0.026666667,0.1333333333333333,0
NOVAIR,1,1.0,1.0,0.0,0.0,0
NOVAJET,5,5.0,1.0,0.0,0.0,0
NOVOAIR,5,1.0,0.2,0.0,0.0,0
NYXAIR,8,6.0,0.75,0.0,0.0,0
OFFSHORE HELICOPTER SERVICES,27,4.0,0.1481481481481481,0.0,0.0,0
OHIO STATE UNIVERSITY AVIATION,23,7.0,0.3043478260869565,0.0,0.0,0
OK AVIATION,17,8.0,0.4705882352941176,0.0,0.0,0
OKAY AIRWAYS,22,7.0,0.3181818181818182,0.0,0.0,0
OKLAHOMA STATE UNIVERSITY AVIATION,35,6.0,0.1714285714285714,0.0,0.0,0
OLYMPIC AIR,17,3.0,0.1764705882352941,0.0,0.0,0
OLYMPUS AIRWAYS,1,1.0,1.0,0.0,0.0,0
OMAN - ROYAL AIR FORCE,27,9.0,0.3333333333333333,0.0,0.0,0
OMAN AIR,32,5.0,0.15625,0.025,0.75,1
OMNI AIR TRANSPORT,11,7.0,0.6363636363636364,0.0,0.0,0
OMNI AVIATION TRAINING CENTER,11,6.0,0.5454545454545454,0.0,0.0,0
OMNI EXECUTIVE AVIATION,2,2.0,1.0,0.0,0.0,0
OMNI TAXI AEREO,81,12.0,0.1481481481481481,0.0,0.0,0
ONE AIR,18,8.0,0.4444444444444444,0.0,0.0,0
ORIENTAL AIR BRIDGE,2,1.0,0.5,0.0,0.0,0
ORIGIN AIR,4,2.0,0.5,0.0,0.0,0
ORNGE AIR,20,2.0,0.1,0.0,0.0,0
ORTAC,4,4.0,1.0,0.0,0.0,0
OSM AVIATION ACADEMY,14,3.0,0.2142857142857142,0.0,0.0,0
OVERLAND AIRWAYS,6,5.0,0.8333333333333334,0.0,0.0,0
OYONNAIR,12,3.0,0.25,0.0,0.0,0
PACC AIR,15,5.0,0.3333333333333333,0.0,0.0,0
PACIFIC COAST JET,16,9.0,0.5625,0.0,0.0,0
PACIFIC COASTAL AIRLINES,22,7.0,0.3181818181818182,0.0,0.0,0
PADAVIATION,4,1.0,0.25,0.0,0.0,0
PAKISTAN INTERNATIONAL AIRLINES,25,8.0,0.32,0.0,0.0,0
PAL AEROSPACE,3,3.0,1.0,0.0,0.0,0
PAL AIRLINES,25,5.0,0.2,0.0,0.0,0
PAN EUROPEENNE,2,2.0,1.0,0.0,0.0,0
PAN EUROPEENNE AIR SERVICE,3,2.0,0.6666666666666666,0.0,0.0,0
PANAVIATIC,4,3.0,0.75,0.0,0.0,0
PANELLENIC AIRLINES,3,1.0,0.3333333333333333,0.0,0.0,0
PANORAMA AVIATION,9,3.0,0.3333333333333333,0.0,0.0,0
PARADOX JETS,4,2.0,0.5,0.0,0.0,0
PARANAIR,4,2.0,0.5,0.0,0.0,0
PARATA AIR,5,3.0,0.6,0.0,0.0,0
PARKLAND COLLEGE INSTITUTE OF AVIATION,21,5.0,0.238095238095238,0.0,0.0,0
PARS AIR,6,4.0,0.6666666666666666,0.0,0.0,0
PASCAN AVIATION,21,4.0,0.1904761904761904,0.0,0.0,0
PASSIONAIR,5,2.0,0.4,0.0,0.0,0
PATRIA PILOT TRAINING,12,2.0,0.1666666666666666,0.0,0.0,0
PATTAYA AIRWAYS,2,2.0,1.0,0.0,0.0,0
PDG AVIATION SERVICES,20,7.0,0.35,0.0,0.0,0
PEACH,36,3.0,0.0833333333333333,0.011111111,0.5555555555555556,1
PEGASUS,126,6.0,0.0476190476190476,0.003174603,0.8571428571428571,1
PEGASUS ELITE AVIATION,8,5.0,0.625,0.0,0.0,0
PELITA AIR,22,10.0,0.4545454545454545,0.0,0.0,0
PEN-AVIA,2,2.0,1.0,0.0,0.0,0
PEOPLE'S,1,1.0,1.0,0.0,0.0,0
PERFORMANCE AIR,8,8.0,1.0,0.0,0.0,0
PERIMETER AVIATION,15,4.0,0.2666666666666666,0.0,0.0,0
PERU - AIR FORCE,26,11.0,0.4230769230769231,0.0,0.0,0
PERU - NAVY,4,3.0,0.75,0.0,0.0,0
PETRO AIR,6,3.0,0.5,0.0,0.0,0
PETROLEUM AIR SERVICES,16,5.0,0.3125,0.0,0.0,0
PETROPAVLOVSK-KAMCHATSKY AIR,7,5.0,0.7142857142857143,0.0,0.0,0
PHI,151,14.0,0.0927152317880794,0.0,0.0,0
PHILIPPINE AIRLINES,80,10.0,0.125,0.01,0.125,0
PHOENIX AIR,22,9.0,0.4090909090909091,0.0,0.0,0
PHOENIX AVIATION,4,4.0,1.0,0.0,0.0,0
PHOENIX EAST AVIATION,65,3.0,0.0461538461538461,0.0,0.0,0
PILATUS FLUGZEUGWERKE,187,9.0,0.0481283422459893,0.0,0.0,0
PILOT FLIGHT ACADEMY,17,2.0,0.1176470588235294,0.0,0.0,0
PINEAPPLE AIR,3,3.0,1.0,0.0,0.0,0
PIVOT AIRLINES,3,3.0,1.0,0.0,0.0,0
PIXAIR SURVEY,5,5.0,1.0,0.0,0.0,0
PLANEMASTER SERVICES,11,3.0,0.2727272727272727,0.0,0.0,0
PLANESENSE,69,3.0,0.0434782608695652,0.0,0.0,0
PLATOON AVIATION,8,1.0,0.125,0.0,0.0,0
PLAY,7,2.0,0.2857142857142857,0.114285714,1.0,1
PLUS ULTRA,6,3.0,0.5,0.0,0.0,0
PNG AIR,13,3.0,0.2307692307692307,0.0,0.0,0
POBEDA,42,7.0,0.1666666666666666,0.0,0.0,0
POLAND - AIR FORCE,112,31.0,0.2767857142857143,0.0,0.0,0
POLAND - NAVY,4,2.0,0.5,0.0,0.0,0
POLAR AIRLINES,2,1.0,0.5,0.0,0.0,0
POLISH MEDICAL AIR RESCUE,34,5.0,0.1470588235294117,0.0,0.0,0
POPULAIR,11,2.0,0.1818181818181818,0.0,0.0,0
PORSCHE AIR SERVICE,1,1.0,1.0,0.0,0.0,0
PORTER,75,2.0,0.0266666666666666,0.0,0.6133333333333333,1
PORTUGAL - AIR FORCE,2,1.0,0.5,0.0,0.0,0
POSTE AIR CARGO,7,3.0,0.4285714285714285,0.0,0.0,0
POUYA AIR,10,4.0,0.4,0.0,0.0,0
PRADHAAN AIR EXPRESS,1,1.0,1.0,0.0,0.0,0
PRECISION AIR,7,2.0,0.2857142857142857,0.0,0.0,0
PRECISION AIRCRAFT MANAGEMENT,13,11.0,0.8461538461538461,0.0,0.0,0
PREMIER AIRLINES,3,3.0,1.0,0.0,0.0,0
PREMIER FLIGHT CENTER,7,4.0,0.5714285714285714,0.0,0.0,0
PREMIUM JET,2,2.0,1.0,0.0,0.0,0
PRESIDENTIAL AVIATION,6,5.0,0.8333333333333334,0.0,0.0,0
PRESTIGE AIR GROUP,4,2.0,0.5,0.0,0.0,0
PRIESTER AVIATION,10,8.0,0.8,0.0,0.0,0
PRIME AVIATION,4,3.0,0.75,0.0,0.0,0
PRINCE AVIATION,4,4.0,1.0,0.0,0.0,0
PRINCELY JETS,1,1.0,1.0,0.0,0.0,0
PRIORITY AIR CHARTER,4,2.0,0.5,0.0,0.0,0
PRIVAIRA,6,5.0,0.8333333333333334,0.0,0.0,0
PRIVATE AIR,5,5.0,1.0,0.0,0.0,0
PRIVATE JET CENTER,11,4.0,0.3636363636363636,0.0,0.0,0
PRIVATE JETS,15,7.0,0.4666666666666667,0.0,0.0,0
PRIVATE WINGS,10,2.0,0.2,0.0,0.0,0
PRIVATMAIR,2,0.0,0.0,0.0,0.0,0
PRIVILEGE STYLE,5,4.0,0.8,0.0,0.0,0
PROAIR AVIATION,7,5.0,0.7142857142857143,0.0,0.0,0
PROAIRWAYS,2,2.0,1.0,0.0,0.0,0
PROFLIGHT ZAMBIA,11,3.0,0.2727272727272727,0.0,0.0,0
PROPAIR,13,3.0,0.2307692307692307,0.0,0.0,0
PURDUE UNIVERSITY SCHOOL OF AVIATION,26,4.0,0.1538461538461538,0.0,0.0,0
QA AVIATION,2,2.0,1.0,0.0,0.0,0
QANOT SHARQ,5,3.0,0.6,0.0,0.4,0
QANTAS,133,9.0,0.0676691729323308,0.003007519,0.112781954887218,0
QANTASLINK,110,7.0,0.0636363636363636,0.005454545,0.0636363636363636,0
QATAR AIRWAYS,263,18.0,0.0684410646387832,0.007604563,0.4638783269961977,1
QATAR EXECUTIVE,24,3.0,0.125,0.0,0.0,0
QAZAQ AIR,5,1.0,0.2,0.0,0.0,0
QESHM AIRLINES,16,4.0,0.25,0.0,0.0,0
QINETIQ / EMPIRE TEST PILOTS SCHOOL,16,11.0,0.6875,0.0,0.0,0
QINGDAO AIRLINES,38,3.0,0.0789473684210526,0.010526316,0.631578947368421,1
QINGDAO JIUTIAN INTERNATIONAL FLIGHT ACADEMY,4,4.0,1.0,0.0,0.0,0
QUALITY FLY,11,3.0,0.2727272727272727,0.0,0.0,0
QUANTA AVIATION SERVICES,4,3.0,0.75,0.0,0.0,0
QUEST DIAGNOSTICS,26,5.0,0.1923076923076923,0.0,0.0,0
QUICK AIR JET CHARTER,6,4.0,0.6666666666666666,0.0,0.0,0
QUIKJET CARGO AIRLINES,1,1.0,1.0,0.0,0.0,0
RAF-AVIA,4,4.0,1.0,0.0,0.0,0
RAIMON AIRWAYS,2,1.0,0.5,0.0,0.0,0
RAINIER FLIGHT SERVICE,13,3.0,0.2307692307692307,0.0,0.0,0
RANO AIR,5,1.0,0.2,0.0,0.0,0
RAVENAIR,35,14.0,0.4,0.0,0.0,0
RAYA AIRWAYS,7,5.0,0.7142857142857143,0.0,0.0,0
RCS SERVICES,11,10.0,0.9090909090909092,0.0,0.0,0
REACH AIR MEDICAL SERVICES,36,5.0,0.1388888888888889,0.0,0.0,0
REAL TONGA AIRLINE,1,1.0,1.0,0.0,0.0,0
RECTIMO AIR TRANSPORTS,13,6.0,0.4615384615384615,0.0,0.0,0
RED AIR,2,1.0,0.5,0.0,0.0,0
RED ROCK FLIGHT SCHOOL,5,5.0,1.0,0.0,0.0,0
RED SEA AIRLINES,4,4.0,1.0,0.0,0.0,0
RED WING AVIATION,4,2.0,0.5,0.0,0.0,0
RED WINGS,32,6.0,0.1875,0.0,0.0,0
REDDING AERO ENTERPRISES,16,4.0,0.25,0.0,0.0,0
REDSTAR AVIATION,15,6.0,0.4,0.0,0.0,0
REEVE AIR ALASKA,1,1.0,1.0,0.0,0.0,0
REGA SWISS AIR-AMBULANCE,3,1.0,0.3333333333333333,0.0,0.0,0
REGA SWISS AIR-RESCUE,23,3.0,0.1304347826086956,0.0,0.0,0
REGENCY AIR,6,1.0,0.1666666666666666,0.0,0.0,0
RELIANT AIR,7,5.0,0.7142857142857143,0.0,0.0,0
RENEGADE AIR,9,8.0,0.8888888888888888,0.0,0.0,0
RENNIA AVIATION,7,5.0,0.7142857142857143,0.0,0.0,0
REPUBLIC AIRWAYS,1,1.0,1.0,0.0,0.0,0
REVA AIR AMBULANCE,1,1.0,1.0,0.0,0.0,0
REVV AVIATION,7,5.0,0.7142857142857143,0.0,0.0,0
REX. REGIONAL EXPRESS,37,2.0,0.054054054054054,0.0,0.0,0
REYNOLDS JET MANAGEMENT,1,0.0,0.0,0.0,0.0,0
RGA-BLACK STONE AIRLINES,2,2.0,1.0,0.0,0.0,0
RICHLAND AVIATION,6,3.0,0.5,0.0,0.0,0
RICHMOR AVIATION,4,3.0,0.75,0.0,0.0,0
RIMBUN AIR,6,4.0,0.6666666666666666,0.0,0.0,0
RISEAIR,30,16.0,0.5333333333333333,0.0,0.0,0
RIYADH AIR,1,1.0,1.0,0.4,1.0,1
ROMANIA - AIR FORCE,41,14.0,0.3414634146341463,0.0,0.0,0
RORAIMA AIRWAYS,3,2.0,0.6666666666666666,0.0,0.0,0
ROSSIYA,129,17.0,0.1317829457364341,0.0,0.0,0
ROTANA JET,2,2.0,1.0,0.0,0.0,0
ROYAL AIR FREIGHT,37,9.0,0.2432432432432432,0.0,0.0,0
ROYAL AIR MAROC,56,10.0,0.1785714285714285,0.021428571,0.2857142857142857,1
ROYAL BRUNEI AIRLINES,12,2.0,0.1666666666666666,0.066666667,1.0,1
ROYAL JET,1,1.0,1.0,0.0,0.0,0
ROYAL JORDANIAN,40,14.0,0.35,0.02,0.475,1
ROYAL STAR AVIATION,3,2.0,0.6666666666666666,0.0,0.0,0
ROYALAIR PHILIPPINES,4,4.0,1.0,0.0,0.0,0
RS AVIA,1,1.0,1.0,0.0,0.0,0
RUBYSTAR,3,1.0,0.3333333333333333,0.0,0.0,0
RUILI AIRLINES,25,10.0,0.4,0.0,0.0,0
RUSJET,16,7.0,0.4375,0.0,0.0,0
RUSLINE,8,2.0,0.25,0.0,0.0,0
RUSSIA - 223RD FLIGHT UNIT STATE AIRLINE,10,3.0,0.3,0.0,0.0,0
RUSSIA - 224TH FLIGHT UNIT STATE AIRLINE,6,1.0,0.1666666666666666,0.0,0.0,0
RUSSIA - AIR FORCE,84,30.0,0.3571428571428571,0.0,0.0,0
RUSSIA - MINISTRY OF EMERGENCY SITUATIONS (MCHS),22,10.0,0.4545454545454545,0.0,0.0,0
RUSSIA - NATIONAL GUARD,9,3.0,0.3333333333333333,0.0,0.0,0
RUSSIA - SPECIAL FLIGHT SQUADRON,60,23.0,0.3833333333333333,0.0,0.0,0
RUTACA AIRLINES,7,6.0,0.8571428571428571,0.0,0.0,0
RVL AVIATION,10,4.0,0.4,0.0,0.0,0
RWANDAIR,13,8.0,0.6153846153846154,0.0,0.0,0
RWL GERMAN FLIGHT ACADEMY,20,6.0,0.3,0.0,0.0,0
RYAN AIR (USA),23,9.0,0.391304347826087,0.0,0.0,0
RYANAIR,581,5.0,0.0086058519793459,0.000688468,0.2805507745266781,1
S7 AIRLINES,105,16.0,0.1523809523809524,0.007619048,0.3714285714285714,1
SA RED CROSS AIR MERCY SERVICE,8,4.0,0.5,0.0,0.0,0
SAAB AIRCRAFT,19,10.0,0.5263157894736842,0.0,0.0,0
SAF HELICOPTERES,41,6.0,0.1463414634146341,0.0,0.0,0
SAFARILINK AVIATION,13,4.0,0.3076923076923077,0.0,0.0,0
SAHA AIRLINES,4,4.0,1.0,0.0,0.0,0
SAHEL AVIATION SERVICE,4,3.0,0.75,0.0,0.0,0
SAINT LOUIS UNIVERSITY FLIGHT SCHOOL,15,3.0,0.2,0.0,0.0,0
SALAMAIR,14,5.0,0.3571428571428571,0.085714286,0.9285714285714286,1
SALZBURG JET AVIATION,7,5.0,0.7142857142857143,0.0,0.0,0
SAMARITAN'S PURSE,18,17.0,0.9444444444444444,0.0,0.0,0
SAMOA AIRWAYS,2,2.0,1.0,0.0,0.0,0
SAN CARLOS FLIGHT SCHOOL,21,8.0,0.3809523809523809,0.0,0.0,0
SAN MARINO EXECUTIVE AVIATION,1,1.0,1.0,0.0,0.0,0
SANSA,12,2.0,0.1666666666666666,0.0,0.0,0
SAPSAN AIRLINE,6,2.0,0.3333333333333333,0.0,0.0,0
SARDINIAN SKY SERVICE,3,2.0,0.6666666666666666,0.0,0.0,0
SAS,134,11.0,0.0820895522388059,0.005970149,0.6194029850746269,1
SASCA AIRLINES,1,1.0,1.0,0.0,0.0,0
SATA AIR ACORES,7,2.0,0.2857142857142857,0.0,0.0,0
SATENA,22,6.0,0.2727272727272727,0.0,0.0,0
SATURN AVIATION,2,2.0,1.0,0.0,0.0,0
SAUDI ARABIA - AIR FORCE,99,8.0,0.0808080808080808,0.0,0.0,0
SAUDIA,164,15.0,0.0914634146341463,0.004878049,0.1951219512195122,1
SAURYA AIRLINES,2,1.0,0.5,0.0,0.0,0
SAWYER AVIATION,8,6.0,0.75,0.0,0.0,0
SAXONAIR,15,11.0,0.7333333333333333,0.0,0.0,0
SC AVIATION,4,4.0,1.0,0.0,0.0,0
SCANWINGS,10,7.0,0.7,0.0,0.0,0
SCAT,27,12.0,0.4444444444444444,0.02962963,0.2962962962962963,1
SCOOT,56,6.0,0.1071428571428571,0.021428571,0.8214285714285714,1
SD AVIATION,8,5.0,0.625,0.0,0.0,0
SEABORNE,1,1.0,1.0,0.0,0.0,0
SEAIR INTERNATIONAL,2,2.0,1.0,0.0,0.0,0
SEARCA,24,7.0,0.2916666666666667,0.0,0.0,0
SECURE AIR CHARTER,12,6.0,0.5,0.0,0.0,0
SECURITY AVIATION,3,2.0,0.6666666666666666,0.0,0.0,0
SELECTJET,3,2.0,0.6666666666666666,0.0,0.0,0
SENOR AIR,3,2.0,0.6666666666666666,0.0,0.0,0
SEPEHRAN AIRLINES,13,10.0,0.7692307692307693,0.0,0.0,0
SERBIA - AIR FORCE,6,4.0,0.6666666666666666,0.0,0.0,0
SERENE AIR,6,5.0,0.8333333333333334,0.0,0.0,0
SERVICIOS AAREOS ILSA,1,0.0,0.0,0.0,0.0,0
SERVICIOS AEREOS MILENIO,4,2.0,0.5,0.0,0.0,0
SEVENAIR,40,20.0,0.5,0.0,0.0,0
SEVENBAR AVIATION,1,1.0,1.0,0.0,0.0,0
SEVERSTAL AIRCOMPANY,8,3.0,0.375,0.0,0.0,0
SF AIRLINES,89,41.0,0.4606741573033708,0.0,0.0,0
SHANDONG AIRLINES,139,12.0,0.0863309352517985,0.002877698,0.0935251798561151,0
SHANDONG DAGAO INTERNATIONAL FLIGHT ACADEMY,1,1.0,1.0,0.0,0.0,0
SHANGHAI AIRLINES,88,7.0,0.0795454545454545,0.009090909,0.2954545454545455,1
SHENZHEN AIRLINES,203,11.0,0.0541871921182266,0.00591133,0.2266009852216749,1
SHIRAK AVIA,3,3.0,1.0,0.0,0.0,0
SHORELINE AVIATION,4,3.0,0.75,0.0,0.0,0
SHREE AIRLINES,9,3.0,0.3333333333333333,0.0,0.0,0
SIAM GENERAL AVIATION,1,1.0,1.0,0.0,0.0,0
SICHUAN AIRLINES,206,14.0,0.0679611650485436,0.005825243,0.3009708737864077,1
SIDERAL LINHAS AEREAS,17,15.0,0.8823529411764706,0.0,0.0,0
SIERRA CHARLIE AVIATION,18,2.0,0.1111111111111111,0.0,0.0,0
SIERRA PACIFIC AIRLINES,2,2.0,1.0,0.0,0.0,0
SIERRA WEST AIRLINES,11,4.0,0.3636363636363636,0.0,0.0,0
SILESIA AIR,4,3.0,0.75,0.0,0.0,0
SILK WAY AIRLINES,5,2.0,0.4,0.0,0.0,0
SILK WAY WEST AIRLINES,12,4.0,0.3333333333333333,0.0,0.0,0
SILKAVIA,5,1.0,0.2,0.0,0.0,0
SILVER AIR,20,13.0,0.65,0.0,0.0,0
SILVER CLOUD AIR,5,3.0,0.6,0.0,0.0,0
SILVERHAWK AVIATION,25,11.0,0.44,0.0,0.0,0
SINGAPORE - AIR FORCE,38,7.0,0.1842105263157894,0.0,0.0,0
SINGAPORE AIRLINES,154,7.0,0.0454545454545454,0.007792208,0.7077922077922078,1
SINO JET BEIJING,1,1.0,1.0,0.0,0.0,0
SIRIO,3,2.0,0.6666666666666666,0.0,0.0,0
SIRIUS AERO,1,1.0,1.0,0.0,0.0,0
SKS AIRWAYS,1,1.0,1.0,0.0,0.0,0
SKY AIRLINE,36,2.0,0.0555555555555555,0.011111111,1.0,1
SKY ANGKOR AIRLINES,3,1.0,0.3333333333333333,0.0,0.0,0
SKY BUS,4,2.0,0.5,0.0,0.0,0
SKY EXPRESS,29,6.0,0.2068965517241379,0.027586207,0.4482758620689655,1
SKY GATES AIRLINES,3,2.0,0.6666666666666666,0.0,0.0,0
SKY HELICOPTEROS,14,3.0,0.2142857142857142,0.0,0.0,0
SKY KG AIRLINES,2,2.0,1.0,0.0,0.0,0
SKY MALI,1,1.0,1.0,0.0,0.0,0
SKY PRIME AVIATION,5,4.0,0.8,0.0,0.0,0
SKY QUEST,19,10.0,0.5263157894736842,0.0,0.0,0
SKY VISION AIRLINES,6,3.0,0.5,0.0,0.0,0
SKYALPS,10,1.0,0.1,0.0,0.0,0
SKYBORNE AIRLINE ACADEMY,66,9.0,0.1363636363636363,0.0,0.0,0
SKYBUS,8,2.0,0.25,0.0,0.0,0
SKYCARE,18,8.0,0.4444444444444444,0.0,0.0,0
SKYGUARD,1,1.0,1.0,0.0,0.0,0
SKYHIGH DOMINICANA,1,0.0,0.0,0.0,0.0,0
SKYJET,1,1.0,1.0,0.0,0.0,0
SKYJET AIRLINES,2,1.0,0.5,0.0,0.0,0
SKYJET AVIATION SERVICES,2,1.0,0.5,0.0,0.0,0
SKYLIGHT,4,2.0,0.5,0.0,0.0,0
SKYLINE AIRLINES,1,1.0,1.0,0.0,0.0,0
SKYLINE EXPRESS,7,5.0,0.7142857142857143,0.0,0.0,0
SKYLINE TRANSPORTATION,1,1.0,1.0,0.0,0.0,0
SKYLINK EXPRESS,15,6.0,0.4,0.0,0.0,0
SKYMARK AIRLINES,29,8.0,0.2758620689655172,0.0,0.0,0
SKYMARK EXECUTIVE,2,2.0,1.0,0.0,0.0,0
SKYSERVICE BUSINESS AVIATION,1,1.0,1.0,0.0,0.0,0
SKYSIDE,6,6.0,1.0,0.0,0.0,0
SKYTRADERS,1,1.0,1.0,0.0,0.0,0
SKYTRANS,17,5.0,0.2941176470588235,0.0,0.0,0
SKYUP AIRLINES,14,11.0,0.7857142857142857,0.028571429,0.2142857142857143,0
SKYWARD AIRLINES,11,6.0,0.5454545454545454,0.0,0.0,0
SKYWAY ENTERPRISES,3,1.0,0.3333333333333333,0.0,0.0,0
SKYWEST AIRLINES,86,7.0,0.0813953488372093,0.0,0.0,0
SKYWEST CHARTER,8,1.0,0.125,0.0,0.0,0
SLAM LAVORI AEREI,1,1.0,1.0,0.0,0.0,0
SLATE AVIATION,11,4.0,0.3636363636363636,0.0,0.0,0
SLATE FALLS AIRWAYS,3,2.0,0.6666666666666666,0.0,0.0,0
SLOANE HELICOPTERS,12,5.0,0.4166666666666667,0.0,0.0,0
SLOVAKIA - AIR FORCE,18,8.0,0.4444444444444444,0.0,0.0,0
SLOVAKIA - GOVERNMENT,1,1.0,1.0,0.0,0.0,0
SMALL FLY,4,3.0,0.75,0.0,0.0,0
SMART AVIATION,6,3.0,0.5,0.0,0.0,0
SMART JET,5,1.0,0.2,0.0,0.0,0
SMART JET INTERNATIONAL,1,1.0,1.0,0.0,0.0,0
SMARTAVIA,13,8.0,0.6153846153846154,0.030769231,0.1538461538461539,0
SMARTLINE,2,2.0,1.0,0.0,0.0,0
SMARTLYNX,36,10.0,0.2777777777777778,0.011111111,0.0555555555555555,0
SMARTLYNX ESTONIA,1,1.0,1.0,0.0,0.0,0
SMARTWINGS,49,18.0,0.3673469387755102,0.020408163,0.3469387755102041,1
SOLAIRUS AVIATION,22,14.0,0.6363636363636364,0.0,0.0,0
SOLAR CARGO,1,1.0,1.0,0.0,0.0,0
SOLARIS AERO,4,2.0,0.5,0.0,0.0,0
SOLASEED AIR,14,3.0,0.2142857142857142,0.0,0.0,0
SOLENTA AVIATION,13,4.0,0.3076923076923077,0.0,0.0,0
SOLINAIR,1,1.0,1.0,0.0,0.0,0
SOLITAIR,4,4.0,1.0,0.0,0.0,0
SOLOMON AIRLINES,6,5.0,0.8333333333333334,0.0,0.0,0
SOMON AIR,7,4.0,0.5714285714285714,0.0,0.0,0
SOULBIRD,10,7.0,0.7,0.0,0.0,0
SOUNDS AIR,9,5.0,0.5555555555555556,0.0,0.0,0
SOUTH AFRICA - AIR FORCE,13,6.0,0.4615384615384615,0.0,0.0,0
SOUTH AFRICAN AIRWAYS,18,3.0,0.1666666666666666,0.0,0.0,0
SOUTHERN AIR CHARTER,1,1.0,1.0,0.0,0.0,0
SOUTHERN AIRWAYS EXPRESS,46,6.0,0.1304347826086956,0.0,0.0,0
SOUTHERN ILLINOIS UNIVERSITY SCHOOL OF AVIATION,38,7.0,0.1842105263157894,0.0,0.0,0
SOUTHWEST AIRCRAFT CHARTER,2,1.0,0.5,0.0,0.0,0
SOUTHWEST AIRLINES,816,16.0,0.0196078431372549,0.000490196,0.3357843137254902,1
SOUTHWIND AIRLINES,13,7.0,0.5384615384615384,0.030769231,0.3076923076923077,1
SPACEBEE AIRLINES,2,2.0,1.0,0.0,0.0,0
SPAIN - AIR FORCE,102,31.0,0.3039215686274509,0.0,0.0,0
SPAIN - ARMY,25,7.0,0.28,0.0,0.0,0
SPAIN - COAST GUARD,18,4.0,0.2222222222222222,0.0,0.0,0
SPAIN - GUARDIA CIVIL,20,2.0,0.1,0.0,0.0,0
SPARFELL,3,3.0,1.0,0.0,0.0,0
SPARTAN COLLEGE OF AERONAUTICS AND TECHNOLOGY,71,5.0,0.0704225352112676,0.0,0.0,0
SPECIALIST AVIATION SERVICES,13,2.0,0.1538461538461538,0.0,0.0,0
SPECSAVERS AVIATION,3,2.0,0.6666666666666666,0.0,0.0,0
SPICEJET,44,10.0,0.2272727272727272,0.009090909,0.1590909090909091,0
SPIRIT AIRLINES,196,4.0,0.0204081632653061,0.002040816,0.6275510204081632,1
SPIRITJETS,6,4.0,0.6666666666666666,0.0,0.0,0
SPOT JET SERVICES,1,1.0,1.0,0.0,0.0,0
SPREE FLUG,3,2.0,0.6666666666666666,0.0,0.0,0
SPRING AIRLINES,134,3.0,0.0223880597014925,0.002985075,0.4328358208955224,1
SPRING CITY AVIATION,6,3.0,0.5,0.0,0.0,0
SPRING JAPAN,6,3.0,0.5,0.0,0.0,0
SPRINTAIR,18,7.0,0.3888888888888889,0.0,0.0,0
SRILANKAN AIRLINES,23,6.0,0.2608695652173913,0.034782609,0.2608695652173913,1
SRIWIJAYA AIR,4,2.0,0.5,0.0,0.0,0
ST BARTH COMMUTER,6,3.0,0.5,0.0,0.0,0
ST BARTH EXECUTIVE,7,3.0,0.4285714285714285,0.0,0.0,0
STAJETS,9,5.0,0.5555555555555556,0.0,0.0,0
STAR AIR,10,2.0,0.2,0.0,0.0,0
STAR AIR CARGO,9,6.0,0.6666666666666666,0.0,0.0,0
STAR AVIATION,4,3.0,0.75,0.0,0.0,0
STAR EAST AIRLINES,3,2.0,0.6666666666666666,0.0,0.0,0
STAR JET,1,1.0,1.0,0.0,0.0,0
STAR PERU,10,4.0,0.4,0.0,0.0,0
STAR WINGS,3,3.0,1.0,0.0,0.0,0
STAR WORK SKY,8,1.0,0.125,0.0,0.0,0
STARFLYER,11,2.0,0.1818181818181818,0.036363636,0.1818181818181818,0
STARLINK AVIATION,5,3.0,0.6,0.0,0.0,0
STARLITE AVIATION,11,3.0,0.2727272727272727,0.0,0.0,0
STARLUX,28,3.0,0.1071428571428571,0.014285714,1.0,1
STELLAER 212,2,1.0,0.5,0.0,0.0,0
STERLING AVIATION,2,2.0,1.0,0.0,0.0,0
SU AIRLINES,1,1.0,1.0,0.0,0.0,0
SUBURBAN AIR FREIGHT,16,3.0,0.1875,0.0,0.0,0
SUDAN AIRWAYS,2,2.0,1.0,0.0,0.0,0
SUMMIT AIR,21,9.0,0.4285714285714285,0.0,0.0,0
SUMMIT AVIATION,18,5.0,0.2777777777777778,0.0,0.0,0
SUN AIR BULGARIA,1,1.0,1.0,0.0,0.0,0
SUN COUNTRY AIRLINES,46,13.0,0.2826086956521739,0.0,0.0,0
SUN-AIR,9,5.0,0.5555555555555556,0.0,0.0,0
SUNCLASS AIRLINES,12,4.0,0.3333333333333333,0.0,0.3333333333333333,0
SUNDAIR,5,3.0,0.6,0.0,0.0,0
SUNDT AIR,5,5.0,1.0,0.0,0.0,0
SUNEXPRESS,87,20.0,0.2298850574712643,0.004597701,0.2413793103448276,1
SUNKAR AIR,2,2.0,1.0,0.0,0.0,0
SUNLIGHT AIR,3,1.0,0.3333333333333333,0.0,0.0,0
SUNRISE AIRWAYS,6,3.0,0.5,0.0,0.0,0
SUNWEST AVIATION,21,13.0,0.6190476190476191,0.0,0.0,0
SUPARNA AIRLINES,12,5.0,0.4166666666666667,0.0,0.0,0
SUPER AIR JET,61,1.0,0.0163934426229508,0.0,0.0,0
SUPERIOR AIR CHARTER,3,1.0,0.3333333333333333,0.0,0.0,0
SUPERNOVA AIRLINES,2,2.0,1.0,0.0,0.0,0
SURF AIR,8,2.0,0.25,0.0,0.0,0
SURINAM AIRWAYS,2,1.0,0.5,0.0,0.0,0
SUSI AIR,21,4.0,0.1904761904761904,0.0,0.0,0
SUZHOU AVIATION,2,2.0,1.0,0.0,0.0,0
SVENSK LUFTAMBULANS,6,1.0,0.1666666666666666,0.0,0.0,0
SVENSKT AMBULANSFLYG,6,1.0,0.1666666666666666,0.0,0.0,0
SVG AIR,5,3.0,0.6,0.0,0.0,0
SWEDEN - AIR FORCE,61,10.0,0.1639344262295081,0.0,0.0,0
SWEDEN - POLICE,1,1.0,1.0,0.0,0.0,0
SWEDEN - SWEDISH MARITIME ADMINISTRATION,7,1.0,0.1428571428571428,0.0,0.0,0
SWIFT COPTERS,12,8.0,0.6666666666666666,0.0,0.0,0
SWIFTAIR,29,17.0,0.5862068965517241,0.0,0.0,0
SWIFTAIR HELLAS,3,2.0,0.6666666666666666,0.0,0.0,0
SWISS,94,11.0,0.1170212765957446,0.017021277,0.5,1
SWISS HELICOPTER,31,4.0,0.1290322580645161,0.0,0.0,0
SWISS PRIVATE JET,3,2.0,0.6666666666666666,0.0,0.0,0
SWITZERLAND - AIR FORCE,1,1.0,1.0,0.0,0.0,0
SXM AIRWAYS,4,4.0,1.0,0.0,0.0,0
SYBAJET SAN MARINO,2,1.0,0.5,0.0,0.0,0
SYLT AIR,9,6.0,0.6666666666666666,0.0,0.0,0
SYRIAN AIR,16,6.0,0.375,0.0,0.0,0
T'WAY AIR,43,15.0,0.3488372093023256,0.009302326,0.0930232558139534,0
TAAG ANGOLA AIRLINES,22,8.0,0.3636363636363636,0.045454545,0.1818181818181818,1
TAB CARGO,1,1.0,1.0,0.0,0.0,0
TABAN AIRLINES,5,3.0,0.6,0.0,0.0,0
TAE AVIA,3,2.0,0.6666666666666666,0.0,0.0,0
TAESPEJO PORTUGAL,2,2.0,1.0,0.0,0.0,0
TAGAIRLINES,4,2.0,0.5,0.0,0.0,0
TAIGA AIR,6,3.0,0.5,0.0,0.0,0
TAILWIND AIRLINES,5,1.0,0.2,0.0,0.0,0
TALON AIR,9,6.0,0.6666666666666666,0.0,0.0,0
TANANA AIR SERVICE,1,1.0,1.0,0.0,0.0,0
TAP AIR PORTUGAL,100,14.0,0.14,0.008,0.57,1
TAR AEROLINEAS,5,1.0,0.2,0.0,0.0,0
TAR MEXICO,1,0.0,0.0,0.0,0.0,0
TARCO AIR,11,8.0,0.7272727272727273,0.0,0.0,0
TAROM,14,5.0,0.3571428571428571,0.0,0.0,0
TARP AVIATION,6,5.0,0.8333333333333334,0.0,0.0,0
TASHKENT AIR,1,1.0,1.0,0.0,0.0,0
TASSILI AIRLINES,23,4.0,0.1739130434782608,0.0,0.0,0
TATRAJET,1,1.0,1.0,0.0,0.0,0
TBILISI AIRWAYS,1,1.0,1.0,0.0,0.0,0
TEAM GLOBAL EXPRESS,7,6.0,0.8571428571428571,0.0,0.0,0
TERRA AVIA,8,7.0,0.875,0.0,0.0,0
TEXEL AIR,4,4.0,1.0,0.0,0.0,0
TEZ JET AIRLINES,3,2.0,0.6666666666666666,0.0,0.0,0
THAI AIRWAYS,85,10.0,0.1176470588235294,0.014117647,0.3764705882352941,1
THAI LION AIR,29,3.0,0.1034482758620689,0.0,0.0,0
THALAIR,3,3.0,1.0,0.0,0.0,0
THE KING'S HELICOPTER FLIGHT,2,1.0,0.5,0.0,0.0,0
THE LITTLE JET COMPANY,5,3.0,0.6,0.0,0.0,0
THRIVE,17,7.0,0.4117647058823529,0.0,0.0,0
THRUST FLIGHT,41,5.0,0.1219512195121951,0.0,0.0,0
THUNDER AIRLINES,13,4.0,0.3076923076923077,0.0,0.0,0
TIANJIN AIR CARGO,5,4.0,0.8,0.0,0.0,0
TIANJIN AIRLINES,91,7.0,0.0769230769230769,0.004395604,0.1758241758241758,0
TIBET AIRLINES,47,4.0,0.0851063829787234,0.008510638,0.1914893617021277,0
TIGERAIR TAIWAN,17,2.0,0.1176470588235294,0.023529412,0.4117647058823529,1
TIME AIR,9,4.0,0.4444444444444444,0.0,0.0,0
TITAN AIRWAYS,7,5.0,0.7142857142857143,0.0,0.1428571428571428,0
TOKI AIR,13,3.0,0.2307692307692307,0.0,0.0,0
TOOS AIRLINES,5,3.0,0.6,0.0,0.0,0
TOPFLIGHT AERO-SERVICES,2,1.0,0.5,0.0,0.0,0
TOTAL EXPRESS,1,1.0,1.0,0.0,0.0,0
TOTAL LINHAS AEREAS,8,7.0,0.875,0.0,0.0,0
TOYO AVIATION,4,4.0,1.0,0.0,0.0,0
TRADE AIR,5,2.0,0.4,0.0,0.0,0
TRADEWIND AVIATION,35,5.0,0.1428571428571428,0.0,0.0,0
TRANS AIR CONGO,4,3.0,0.75,0.0,0.0,0
TRANS GUYANA AIRWAYS,13,5.0,0.3846153846153846,0.0,0.0,0
TRANS ISLAND AIRWAYS,2,2.0,1.0,0.0,0.0,0
TRANS MALDIVIAN AIRWAYS,61,3.0,0.0491803278688524,0.0,0.0,0
TRANSAIR,10,5.0,0.5,0.0,0.0,0
TRANSAVIA,142,17.0,0.1197183098591549,0.002816901,0.2042253521126761,1
TRANSAVIABALTIKA,2,2.0,1.0,0.0,0.0,0
TRANSCARGA INTERNATIONAL AIRWAYS,1,1.0,1.0,0.0,0.0,0
TRANSNUSA,10,3.0,0.3,0.0,0.0,0
TRANSPORTE AEREO DE COLOMBIA,1,1.0,1.0,0.0,0.0,0
TRANSPORTES AAREOS PEGASO,19,0.0,0.0,0.0,0.0,0
TRANSWING,1,1.0,1.0,0.0,0.0,0
TRAVEL MANAGEMENT COMPANY,2,2.0,1.0,0.0,0.0,0
TRAVIRA AIR,14,9.0,0.6428571428571429,0.0,0.0,0
TRIDENT AIRCRAFT,8,8.0,1.0,0.0,0.0,0
TRIGANA AIR,9,8.0,0.8888888888888888,0.0,0.0,0
TROPIC AIR,17,3.0,0.1764705882352941,0.0,0.0,0
TROPIC OCEAN AIRWAYS,1,1.0,1.0,0.0,0.0,0
TUI FLY,126,12.0,0.0952380952380952,0.00952381,0.5317460317460317,1
TULPAR AIR,8,6.0,0.75,0.0,0.0,0
TULPAR AIRCOMPANY,10,5.0,0.5,0.0,0.0,0
TUNISAIR,21,6.0,0.2857142857142857,0.019047619,0.2380952380952381,0
TUNISIA - AIR FORCE,8,4.0,0.5,0.0,0.0,0
TURKEY - AIR FORCE,35,7.0,0.2,0.0,0.0,0
TURKISH AIRLINES,383,25.0,0.0652741514360313,0.004177546,0.349869451697128,1
TURKMENISTAN - GOVERNMENT,4,3.0,0.75,0.0,0.0,0
TURKMENISTAN AIRLINES,19,8.0,0.4210526315789473,0.0,0.0,0
TURPIAL AIRLINES,3,2.0,0.6666666666666666,0.0,0.0,0
TUS AIR,3,1.0,0.3333333333333333,0.0,0.0,0
TWIN JET,13,1.0,0.0769230769230769,0.0,0.0,0
TYROL AIR AMBULANCE,5,2.0,0.4,0.0,0.0,0
TYROLEAN JET SERVICES,5,4.0,0.8,0.0,0.0,0
UGANDA AIRLINES,7,3.0,0.4285714285714285,0.0,0.2857142857142857,0
UKRAINE - STATE AIR TRAFFIC SERVICE,2,1.0,0.5,0.0,0.0,0
UKRAINE AIR ALLIANCE,3,1.0,0.3333333333333333,0.0,0.0,0
UKRAINE INTERNATIONAL AIRLINES,6,4.0,0.6666666666666666,0.0,0.0,0
ULS AIRLINES CARGO,4,2.0,0.5,0.0,0.0,0
ULTIMATE JET,8,4.0,0.5,0.0,0.0,0
UMZAXPRESS,2,1.0,0.5,0.0,0.0,0
UND AEROSPACE,154,10.0,0.0649350649350649,0.0,0.0,0
UNI AIR,14,1.0,0.0714285714285714,0.0,0.0,0
UNI-FLY,4,2.0,0.5,0.0,0.0,0
UNI-FLY HELIWORX,2,2.0,1.0,0.0,0.0,0
UNICAIR,16,5.0,0.3125,0.0,0.0,0
UNION AVIATION,10,7.0,0.7,0.0,0.0,0
UNITED AIRLINES,2981,37.0,0.0124119423012411,0.000805099,0.231130493123113,1
UNITED ARAB EMIRATES - AIR FORCE,61,17.0,0.2786885245901639,0.0,0.0,0
UNITED AVIATE ACADEMY,50,1.0,0.02,0.0,0.0,0
UNITED EAGLE,2,2.0,1.0,0.0,0.0,0
UNITED KINGDOM - AIR AMBULANCE,50,9.0,0.18,0.0,0.0,0
UNITED KINGDOM - ARMY AIR CORPS,145,15.0,0.1034482758620689,0.0,0.0,0
UNITED KINGDOM - COAST GUARD,3,1.0,0.3333333333333333,0.0,0.0,0
UNITED KINGDOM - NATIONAL POLICE AIR SERVICE,5,2.0,0.4,0.0,0.0,0
UNITED KINGDOM - ROYAL AIR FORCE,382,50.0,0.1308900523560209,0.0,0.0,1
UNITED KINGDOM - ROYAL AIR FORCE AIR TRANSPORT,58,8.0,0.1379310344827586,0.0,0.0,0
UNITED KINGDOM - ROYAL NAVY,107,21.0,0.1962616822429906,0.0,0.0,0
UNITED KINGDOM - UK ROYAL/VIP FLIGHTS,3,2.0,0.6666666666666666,0.0,0.3333333333333333,0
UNITED NATIONS,40,19.0,0.475,0.0,0.0,0
UNITED NIGERIA AIRLINES,4,2.0,0.5,0.0,0.0,0
UNITED STATES - AIR FORCE,3621,204.0,0.056338028169014,0.0,0.0,1
UNITED STATES - CALIFORNIA DEPARTMENT OF FORESTRY,75,10.0,0.1333333333333333,0.0,0.0,0
UNITED STATES - COAST GUARD,230,17.0,0.0739130434782608,0.0,0.0,0
UNITED STATES - DEPARTMENT OF JUSTICE,6,5.0,0.8333333333333334,0.0,0.0,0
UNITED STATES - DEPARTMENT OF STATE,16,5.0,0.3125,0.0,0.0,0
UNITED STATES - FLORIDA FOREST SERVICE,38,11.0,0.2894736842105263,0.0,0.0,0
UNITED STATES - MARYLAND STATE POLICE,11,2.0,0.1818181818181818,0.0,0.0,0
UNITED STATES - NASA,59,22.0,0.3728813559322034,0.0,0.0,0
UNITED STATES - NORTH CAROLINA FOREST SERVICE,23,11.0,0.4782608695652174,0.0,0.0,0
UNITED STATES - SOUTH CAROLINA AERONAUTICS COMM.,3,3.0,1.0,0.0,0.0,0
UNITED STATES - TENNESSEE VALLEY AUTHORITY,2,2.0,1.0,0.0,0.0,0
UNITED STATES - US DEPARTMENT OF INTERIOR,39,12.0,0.3076923076923077,0.0,0.0,0
UNITED STATES - US FOREST SERVICE,21,9.0,0.4285714285714285,0.0,0.0,0
UNITED STATES - US IMMIGRATION AND CUSTOMS ENFORCEMENT,229,25.0,0.1091703056768559,0.0,0.0,0
UNIVERSAL AIR,4,2.0,0.5,0.0,0.0,0
UNIVERSITY OF CENTRAL MISSOURI AVIATION,19,4.0,0.2105263157894736,0.0,0.0,0
UNIVERSITY OF OKLAHOMA SCHOOL OF AVIATION,33,6.0,0.1818181818181818,0.0,0.0,0
UNIWORLD AIR CARGO,4,4.0,1.0,0.0,0.0,0
UPS,286,17.0,0.0594405594405594,0.0,0.0,0
UR AIRLINES,5,3.0,0.6,0.0,0.0,0
URAL AIRLINES,52,7.0,0.1346153846153846,0.007692308,0.2115384615384615,0
URUMQI AIR,16,5.0,0.3125,0.0,0.0,0
US-BANGLA AIRLINES,20,7.0,0.35,0.0,0.0,0
USA JET AIRLINES,18,5.0,0.2777777777777778,0.0,0.0,0
USC,2,2.0,1.0,0.0,0.0,0
UTAIR,64,19.0,0.296875,0.0,0.0,0
UVT AERO,8,2.0,0.25,0.0,0.0,0
UZBEKISTAN AIRWAYS,48,12.0,0.25,0.016666667,0.4375,1
VALAIR,6,3.0,0.5,0.0,0.0,0
VALLJET,20,10.0,0.5,0.0,0.0,0
VALUEJET,3,3.0,1.0,0.0,0.0,0
VAN AIR EUROPE,1,1.0,1.0,0.0,0.0,0
VARESH AIRLINES,8,7.0,0.875,0.0,0.0,0
VASCO,4,1.0,0.25,0.0,0.0,0
VENEZOLANA,4,3.0,0.75,0.0,0.0,0
VENTURA,20,8.0,0.4,0.0,0.0,0
VENTURE AVIATION GROUP,10,8.0,0.8,0.0,0.0,0
VENTURE WEST AVIATION,15,11.0,0.7333333333333333,0.0,0.0,0
VERIJET,10,2.0,0.2,0.0,0.0,0
VETERANS AIRLIFT COMMAND,1,1.0,1.0,0.0,0.0,0
VIA AIR,6,4.0,0.6666666666666666,0.0,0.0,0
VICTORY AIR,10,1.0,0.1,0.0,0.0,0
VIEQUES AIR LINK,13,8.0,0.6153846153846154,0.0,0.0,0
VIETJET AIR,107,7.0,0.0654205607476635,0.003738318,0.2523364485981308,1
VIETNAM AIRLINES,92,6.0,0.0652173913043478,0.02173913,0.5543478260869565,1
VIETRAVEL AIRLINES,2,2.0,1.0,0.0,0.0,0
VIRGIN ATLANTIC,45,4.0,0.0888888888888888,0.017777778,0.8222222222222222,1
VIRGIN AUSTRALIA,106,9.0,0.0849056603773584,0.003773585,0.0849056603773584,0
VISTA AMERICA,75,10.0,0.1333333333333333,0.0,0.0,0
VISTAJET,141,19.0,0.1347517730496454,0.0,0.0,0
VIVA,88,6.0,0.0681818181818181,0.004545455,0.3863636363636364,1
VOEPASS,10,2.0,0.2,0.0,0.0,0
VOLARE AVIATION,10,9.0,0.9,0.0,0.0,0
VOLARIS,148,7.0,0.0472972972972973,0.005405405,0.6148648648648649,1
VOLATO,11,2.0,0.1818181818181818,0.0,0.0,0
VOLGA-DNEPR AIRLINES,15,3.0,0.2,0.0,0.0,0
VOLOTEA,42,4.0,0.0952380952380952,0.0,0.0,0
VOLUXIS,3,3.0,1.0,0.0,0.0,0
VOYAGEUR AIRWAYS,30,6.0,0.2,0.0,0.0,0
VUELING,141,8.0,0.0567375886524822,0.002836879,0.1914893617021277,0
VW AIR SERVICE,2,1.0,0.5,0.0,0.0,0
WAMOS AIR,9,3.0,0.3333333333333333,0.0,0.0,0
WARBELOWS AIR VENTURES,6,2.0,0.3333333333333333,0.0,0.0,0
WASAYA AIRWAYS,17,8.0,0.4705882352941176,0.0,0.0,0
WEJET,1,1.0,1.0,0.0,0.0,0
WELTALL AVIA,6,4.0,0.6666666666666666,0.0,0.0,0
WERMLANDSFLYG,4,2.0,0.5,0.0,0.0,0
WEST AIR,45,10.0,0.2222222222222222,0.026666667,0.2444444444444444,1
WEST ATLANTIC,11,10.0,0.9090909090909092,0.0,0.0,0
WEST COAST CHARTERS,17,4.0,0.2352941176470588,0.0,0.0,0
WEST LINK AIRLINES,1,1.0,1.0,0.0,0.0,0
WESTAIR AVIATION,7,6.0,0.8571428571428571,0.0,0.0,0
WESTERN AIR,8,2.0,0.25,0.0,0.0,0
WESTERN AIR EXPRESS,6,4.0,0.6666666666666666,0.0,0.0,0
WESTERN AIRCRAFT,10,3.0,0.3,0.0,0.0,0
WESTERN GLOBAL AIRLINES,20,4.0,0.2,0.0,0.0,0
WESTERN MICHIGAN UNIVERSITY COLLEGE OF AVIATION,72,4.0,0.0555555555555555,0.0,0.0,0
WESTJET,192,13.0,0.0677083333333333,0.004166667,0.3125,1
WHEELS UP,143,15.0,0.1048951048951049,0.0,0.0,0
WHITE,3,2.0,0.6666666666666666,0.0,0.0,0
WIDEROE,50,5.0,0.1,0.0,0.06,0
WIGGINS AIRWAYS,10,3.0,0.3,0.0,0.0,0
WIKING HELIKOPTER SERVICE,1,1.0,1.0,0.0,0.0,0
WINAIR,8,2.0,0.25,0.0,0.0,0
WINDROSE AIR JETCHARTER,2,2.0,1.0,0.0,0.0,0
WINDROSE AIRLINES,16,9.0,0.5625,0.0,0.0,0
WING AVIATION,10,9.0,0.9,0.0,0.0,0
WINGO,9,1.0,0.1111111111111111,0.0,0.0,0
WINGS AIR,52,2.0,0.0384615384615384,0.0,0.0,0
WIZZ AIR,240,6.0,0.025,0.001666667,0.6875,1
WOODGATE AVIATION,4,3.0,0.75,0.0,0.0,0
WORLD ATLANTIC AIRLINES,8,1.0,0.125,0.0,0.0,0
WORLD CARGO AIRLINES,3,3.0,1.0,0.0,0.0,0
WORLD2FLY,7,2.0,0.2857142857142857,0.057142857,0.4285714285714285,1
WORLDWIDE JET CHARTER,6,5.0,0.8333333333333334,0.0,0.0,0
WRIGHT AIR SERVICE,18,6.0,0.3333333333333333,0.0,0.0,0
XCEL JET,5,2.0,0.4,0.0,0.0,0
XE JET,2,1.0,0.5,0.0,0.0,0
XEAD AVIATION,1,1.0,1.0,0.0,0.0,0
XENA,2,1.0,0.5,0.0,0.0,0
XIAMEN AIR,177,11.0,0.0621468926553672,0.006779661,0.3050847457627119,1
XINJIANG GENERAL AVIATION,3,2.0,0.6666666666666666,0.0,0.0,0
XINJIANG SKYLINK GENERAL AVIATION,1,1.0,1.0,0.0,0.0,0
XO,20,1.0,0.05,0.0,0.0,0
YAKUTIA AIRLINES,11,7.0,0.6363636363636364,0.0,0.0,0
YAMAL AIRLINES,25,7.0,0.28,0.0,0.0,0
YANAIR,3,3.0,1.0,0.0,0.0,0
YAZD AIRWAYS,5,3.0,0.6,0.0,0.0,0
YELLOW WINGS AIR SERVICES,4,2.0,0.5,0.0,0.0,0
YEMENIA,4,2.0,0.5,0.0,0.0,0
YETI AIRLINES,7,1.0,0.1428571428571428,0.0,0.0,0
YTO CARGO AIRLINES,13,4.0,0.3076923076923077,0.0,0.0,0
Z AIR,5,2.0,0.4,0.0,0.0,0
ZAFER AIR,2,2.0,1.0,0.0,0.0,0
ZAGROS AIRLINES,14,7.0,0.5,0.0,0.0,0
ZAMBIA AIRWAYS,1,1.0,1.0,0.0,0.0,0
ZENFLIGHT,6,4.0,0.6666666666666666,0.0,0.0,0
ZENITH AVIATION,4,3.0,0.75,0.0,0.0,0
ZETAVIA,2,1.0,0.5,0.0,0.0,0
ZEUSCH AVIATION,7,4.0,0.5714285714285714,0.0,0.0,0
ZIL AIR,1,1.0,1.0,0.0,0.0,0
ZIMEX AVIATION,18,7.0,0.3888888888888889,0.0,0.0,0
ZIPAIR,8,1.0,0.125,0.05,1.0,1
ZONDAJET,2,1.0,0.5,0.0,0.0,0
ZOOOM,4,1.0,0.25,0.0,0.0,0
ZORTE AIR,1,1.0,1.0,0.0,0.0,0
ZYB LILY JET,12,6.0,0.5,0.0,0.0,0
